#,Name,Type 1,Type 2,HP,Attack,Defense,Sp. Atk,Sp. Def,Speed,Generation,Legendary
78.0,VICTREEBEL,grasS,POiSOn,80.0,105.0,65.0,100.0,70.0,70.0,1.0,FALSE
620.0,CrUstlE,BUG,rocK,70.0,95.0,125.0,65.0,75.0,45.0,5.0,FALSE
409.0,SAlaMENCE,DRagon,FLYinG,95.0,135.0,80.0,110.0,80.0,100.0,3.0,
376.0,BAltOy,gROUnd,pSyCHic,40.0,40.0,55.0,40.0,70.0,55.0,3.0,FALSE
434.0,gROtLE,grass,,75.0,89.0,85.0,55.0,65.0,36.0,4.0,FALSE
208.0,SUnFlOra,GraSs,,75.0,75.0,55.0,105.0,85.0,30.0,2.0,FALSE
62.0,mAnKEY,FIghTinG,,40.0,80.0,35.0,35.0,45.0,,1.0,FALSE
581.0,UNfeZaNT,Normal,,80.0,115.0,80.0,65.0,55.0,93.0,5.0,FALSE
285.0,poOchyEnA,dark,,35.0,55.0,35.0,30.0,30.0,35.0,3.0,FALSE
362.0,FlYGoN,groUND,DrAGon,80.0,100.0,80.0,80.0,80.0,100.0,3.0,FALSE
624.0,YAMASK,GHosT,,38.0,30.0,85.0,55.0,65.0,30.0,5.0,FALSE
683.0,drUdDiGON,,,77.0,120.0,90.0,60.0,90.0,48.0,5.0,FALSE
162.0,drAGONIte,DraGOn,FLYINg,91.0,,95.0,100.0,100.0,80.0,1.0,FALSE
389.0,dUSKUll,GHosT,,20.0,40.0,90.0,30.0,90.0,25.0,3.0,FALSE
195.0,FlaAffY,ELECtRIC,,70.0,,55.0,80.0,60.0,45.0,2.0,FALSE
424.0,,GrOUnD,,100.0,150.0,,100.0,90.0,90.0,3.0,TRUE
246.0,SKARMOrY,sTeel,flYinG,65.0,,140.0,40.0,70.0,70.0,2.0,FALSE
513.0,Weavile,darK,ICE,70.0,120.0,65.0,45.0,85.0,125.0,4.0,FALSE
518.0,eLECtivIrE,elECTrIC,,75.0,123.0,67.0,95.0,85.0,95.0,4.0,FALSE
116.0,HITMONCHan,FiGhTInG,,50.0,105.0,79.0,35.0,110.0,76.0,1.0,FALSE
656.0,ALOmOmolA,WATeR,,165.0,75.0,80.0,40.0,45.0,65.0,5.0,FALSE
245.0,maNtinE,wateR,FlyIng,65.0,40.0,70.0,80.0,140.0,70.0,2.0,FALSE
223.0,GLIGaR,GROUNd,FLYING,65.0,75.0,105.0,35.0,65.0,85.0,2.0,FALSE
616.0,DaRmANItan sTandarD MODe,,,105.0,140.0,55.0,30.0,55.0,,5.0,FALSE
691.0,VuLLAbY,DArk,flYInG,70.0,55.0,75.0,45.0,65.0,60.0,5.0,FALSE
368.0,Zangoose,nORMAl,,73.0,115.0,,60.0,60.0,90.0,3.0,FALSE
484.0,SKUnTank,poIsON,dark,103.0,93.0,67.0,71.0,61.0,84.0,4.0,FALSE
313.0,VIGOrOtH,NORMaL,,80.0,,80.0,55.0,55.0,90.0,3.0,FALSE
150.0,OMAnyTE,rock,watEr,35.0,40.0,100.0,90.0,55.0,35.0,1.0,FALSE
744.0,pAngoRo,fIGhTIng,DArk,95.0,124.0,,69.0,71.0,58.0,6.0,FALSE
324.0,noSEpasS,RoCK,,30.0,,135.0,45.0,90.0,30.0,3.0,FALSE
685.0,goLURK,gROuND,gHOsT,89.0,124.0,80.0,55.0,80.0,55.0,5.0,FALSE
69.0,AbrA,,,25.0,20.0,15.0,105.0,55.0,90.0,1.0,FALSE
386.0,SHUppet,gHOst,,44.0,75.0,35.0,63.0,33.0,45.0,3.0,FALSE
548.0,PhIOnE,wATeR,,80.0,80.0,80.0,80.0,80.0,80.0,,FALSE
222.0,duNSPArCE,nOrMal,,100.0,70.0,70.0,65.0,65.0,45.0,2.0,FALSE
205.0,jUmplUFF,GRAsS,flyiNg,75.0,55.0,70.0,55.0,95.0,110.0,2.0,FALSE
756.0,,fAiRy,,82.0,80.0,86.0,85.0,75.0,72.0,6.0,FALSE
177.0,fUrret,nORmal,,85.0,76.0,64.0,45.0,55.0,90.0,2.0,FALSE
385.0,KeclEOn,NOrMaL,,60.0,90.0,70.0,60.0,120.0,40.0,3.0,FALSE
592.0,mEGA audIno,NORMAl,faiRy,103.0,,126.0,80.0,126.0,50.0,5.0,FALSE
726.0,fROgadIEr,WaTer,,54.0,63.0,52.0,83.0,56.0,97.0,6.0,FALSE
,ZAPDoS,ElecTRIc,FlyInG,90.0,90.0,85.0,125.0,90.0,100.0,,TRUE
722.0,fenNeKin,fire,,40.0,,40.0,62.0,60.0,,6.0,FALSE
313.0,vIgorotH,nOrMaL,,80.0,80.0,80.0,55.0,55.0,90.0,3.0,FALSE
737.0,pyrOar,FIre,NoRMaL,86.0,68.0,72.0,109.0,66.0,106.0,6.0,FALSE
379.0,Cradily,RoCk,graSS,86.0,,97.0,81.0,107.0,43.0,3.0,FALSE
458.0,BURMy,BuG,,40.0,29.0,45.0,29.0,45.0,36.0,4.0,FALSE
587.0,wOOBAT,PsYcHIc,fLyING,55.0,45.0,43.0,55.0,43.0,72.0,5.0,FALSE
74.0,MAchOke,FIghTinG,,80.0,100.0,70.0,50.0,60.0,45.0,1.0,FALSE
129.0,SEAkInG,waTEr,,80.0,92.0,65.0,65.0,80.0,68.0,1.0,FALSE
392.0,CHIMEcho,pSycHIc,,65.0,50.0,70.0,95.0,80.0,65.0,3.0,FALSE
276.0,mEga SCEPtiLE,GRASS,dragon,70.0,110.0,,145.0,85.0,145.0,3.0,FALSE
216.0,miSdREAVUS,GhosT,,60.0,60.0,60.0,85.0,85.0,85.0,2.0,FALSE
621.0,sCrAgGY,dARK,fiGhTiNG,50.0,75.0,,35.0,70.0,48.0,5.0,FALSE
82.0,graVELeR,Rock,,55.0,95.0,115.0,45.0,45.0,35.0,1.0,FALSE
455.0,raMpArDos,roCk,,97.0,165.0,,65.0,50.0,58.0,4.0,FALSE
603.0,LeavannY,bUG,GRASs,75.0,103.0,80.0,70.0,80.0,92.0,5.0,FALSE
795.0,ZygARDe HaLf FORME,DRagoN,grOuND,108.0,100.0,121.0,81.0,95.0,95.0,6.0,TRUE
316.0,NinJASK,BUG,,61.0,90.0,45.0,50.0,50.0,160.0,3.0,FALSE
135.0,eLECtAbUzZ,eleCtRIC,,65.0,83.0,57.0,95.0,,105.0,1.0,FALSE
21.0,pidgeY,,fLYIng,40.0,45.0,40.0,35.0,35.0,,1.0,FALSE
259.0,elEkId,ELeCTriC,,45.0,63.0,37.0,65.0,55.0,,2.0,
777.0,,DragOn,,90.0,100.0,70.0,110.0,,,,FALSE
675.0,cUbcHOO,iCe,,55.0,70.0,40.0,60.0,40.0,40.0,5.0,FALSE
390.0,DuScLoPS,gHOst,,40.0,70.0,130.0,60.0,130.0,25.0,3.0,FALSE
231.0,sHuCKlE,BUG,rOCk,20.0,10.0,230.0,10.0,,5.0,2.0,FALSE
37.0,NIdOQueEn,PoisoN,gRound,,92.0,,75.0,85.0,76.0,1.0,FALSE
533.0,hEAT ROtoM,Electric,,50.0,65.0,107.0,105.0,107.0,86.0,4.0,FALSE
299.0,SHIftRY,grasS,DARk,90.0,100.0,60.0,90.0,,80.0,3.0,FALSE
504.0,cRoaGUNK,poISoN,fIghTing,48.0,61.0,40.0,61.0,40.0,,,FALSE
460.0,WoRmadAM SANDy cLoAk,BUG,gROUNd,60.0,79.0,105.0,59.0,85.0,36.0,4.0,FALSE
298.0,NUZLeAF,GRAss,DarK,70.0,,40.0,60.0,40.0,60.0,3.0,FALSE
651.0,eScaVAliER,BUg,SteEl,70.0,135.0,105.0,60.0,105.0,20.0,5.0,FALSE
163.0,,PSYCHIc,,106.0,110.0,90.0,154.0,90.0,130.0,1.0,TRUE
336.0,medICHAm,fIghTing,pSychIc,60.0,60.0,75.0,60.0,75.0,80.0,3.0,FALSE
289.0,WUrmple,bUG,,45.0,45.0,35.0,20.0,30.0,20.0,3.0,FALSE
519.0,mAGmORtar,fIre,,75.0,95.0,67.0,125.0,95.0,83.0,4.0,FALSE
714.0,kElDeO ordInARY FormE,WATeR,figHtINg,91.0,72.0,90.0,,90.0,108.0,5.0,FALSE
265.0,SUicune,wAteR,,100.0,75.0,115.0,90.0,115.0,85.0,2.0,TRUE
394.0,MEGa AbsOL,dArK,,65.0,150.0,,115.0,60.0,115.0,3.0,FALSE
710.0,landoruS tHERiAn ForMe,grouND,,89.0,145.0,90.0,105.0,80.0,,5.0,TRUE
38.0,NIdORaN♂,pOiSOn,,46.0,57.0,40.0,40.0,40.0,50.0,1.0,FALSE
448.0,krIcKeTune,BUG,,77.0,,51.0,,51.0,65.0,4.0,FALSE
108.0,KINGlEr,wAteR,,55.0,130.0,115.0,50.0,50.0,75.0,1.0,FALSE
300.0,TaillOW,NoRmAl,fLyiNG,40.0,55.0,30.0,30.0,30.0,,3.0,FALSE
139.0,TaUros,NoRmaL,,75.0,100.0,95.0,40.0,70.0,110.0,1.0,FALSE
248.0,houNDoom,DARK,,75.0,90.0,50.0,110.0,80.0,95.0,2.0,FALSE
437.0,MonfERnO,FiRE,fIGHTiNg,64.0,78.0,52.0,78.0,52.0,81.0,4.0,FALSE
401.0,waLReIn,ICE,wATEr,110.0,80.0,90.0,95.0,90.0,65.0,3.0,FALSE
546.0,gIratiNA orIgin fORmE,GhOsT,DRaGON,150.0,120.0,100.0,120.0,100.0,90.0,4.0,TRUE
790.0,aVaLUGg,Ice,,95.0,117.0,184.0,44.0,46.0,28.0,6.0,FALSE
410.0,meGa sAlAMEnCE,dRAgoN,fLYIng,95.0,145.0,130.0,120.0,90.0,120.0,3.0,FALSE
20.0,mEGA BeEdRill,BUg,PoISON,,,40.0,15.0,80.0,145.0,1.0,FALSE
95.0,DEWGONg,water,Ice,90.0,70.0,80.0,70.0,95.0,70.0,1.0,
589.0,DrILbUr,GROuNd,,60.0,85.0,40.0,30.0,45.0,68.0,5.0,FALSE
250.0,kIngdra,water,DRaGoN,75.0,95.0,95.0,95.0,95.0,85.0,2.0,FALSE
358.0,GRumpiG,pSYCHiC,,80.0,45.0,65.0,90.0,110.0,80.0,3.0,FALSE
154.0,aEroDACtYL,ROcK,FLYInG,80.0,105.0,65.0,60.0,75.0,130.0,1.0,FALSE
679.0,accElGoR,BUg,,80.0,70.0,,100.0,60.0,145.0,5.0,FALSE
269.0,MEGa TyrANItaR,ROCk,DaRK,100.0,164.0,150.0,95.0,120.0,71.0,2.0,
85.0,rApIDASh,fiRE,,65.0,,70.0,80.0,80.0,105.0,1.0,FALSE
493.0,GabIte,dRAGOn,GRouND,68.0,90.0,65.0,50.0,55.0,82.0,4.0,FALSE
438.0,inFeRnApE,Fire,fiGhTiNg,76.0,104.0,71.0,104.0,71.0,108.0,4.0,FALSE
,CElebI,PsyCHIC,,100.0,100.0,100.0,,100.0,100.0,2.0,FALSE
529.0,pRoBopAsS,rock,stEEL,,55.0,145.0,,150.0,40.0,4.0,FALSE
298.0,nuZlEaf,gRasS,Dark,,70.0,40.0,60.0,40.0,60.0,3.0,FALSE
127.0,seAdrA,water,,55.0,65.0,95.0,95.0,45.0,85.0,1.0,FALSE
723.0,bRaIxen,fire,,59.0,59.0,58.0,90.0,70.0,73.0,6.0,FALSE
141.0,GyaRAdoS,WATeR,fLyIng,95.0,125.0,79.0,60.0,100.0,81.0,1.0,FALSE
337.0,MEGa MEdiCham,fiGhtInG,PSycHIc,60.0,100.0,85.0,80.0,85.0,100.0,3.0,FALSE
1.0,BULbasaur,graSS,poIsOn,45.0,49.0,49.0,65.0,65.0,45.0,1.0,FALSE
684.0,goLEtt,GROUNd,ghOst,59.0,74.0,50.0,35.0,50.0,35.0,5.0,FALSE
780.0,TrEVenanT,ghoST,gRASs,85.0,110.0,76.0,65.0,82.0,56.0,6.0,FALSE
429.0,DeoXys nORmAL FORmE,PSYCHiC,,50.0,150.0,50.0,150.0,50.0,150.0,,TRUE
478.0,miSMagiUs,ghoST,,60.0,60.0,60.0,,105.0,105.0,4.0,FALSE
,dRaPiOn,POISOn,DaRk,70.0,90.0,110.0,60.0,75.0,95.0,4.0,FALSE
260.0,magby,firE,,45.0,75.0,37.0,70.0,55.0,83.0,2.0,
148.0,FlaReON,fiRe,,65.0,130.0,60.0,95.0,110.0,65.0,1.0,FALSE
453.0,ROSeRaDe,Grass,,60.0,70.0,65.0,125.0,105.0,,4.0,FALSE
753.0,spRitZEE,FAIry,,78.0,52.0,60.0,63.0,65.0,23.0,6.0,FALSE
590.0,EXCadrILL,GrouND,stEel,110.0,135.0,60.0,50.0,65.0,88.0,5.0,FALSE
419.0,mega latIaS,drAGOn,PSYchic,80.0,100.0,120.0,140.0,150.0,110.0,3.0,TRUE
295.0,LoMBRE,wATEr,GRAsS,60.0,50.0,50.0,60.0,70.0,50.0,3.0,FALSE
705.0,ThuNDuRuS IncaRnaTE forme,ELEcTRIc,FlYinG,79.0,,70.0,125.0,80.0,111.0,5.0,
405.0,REliCANTH,waTer,RoCK,100.0,90.0,130.0,45.0,65.0,55.0,3.0,FALSE
126.0,HoRseA,waTeR,,30.0,40.0,70.0,70.0,25.0,60.0,1.0,FALSE
738.0,FlABébÉ,FaIrY,,44.0,38.0,39.0,61.0,79.0,,6.0,FALSE
,sphEAL,iCE,WatER,70.0,40.0,50.0,55.0,50.0,25.0,3.0,FALSE
657.0,joLTIk,Bug,eLecTriC,50.0,47.0,50.0,57.0,50.0,65.0,5.0,FALSE
506.0,caRnIVINE,gRasS,,,100.0,72.0,90.0,72.0,46.0,4.0,FALSE
551.0,,GrAss,,100.0,100.0,100.0,100.0,100.0,100.0,4.0,TRUE
,basTIODOn,,StEEl,60.0,52.0,168.0,47.0,138.0,30.0,4.0,FALSE
767.0,TYruNT,RocK,dRagoN,58.0,89.0,77.0,45.0,,48.0,6.0,FALSE
692.0,ManDibUZz,,fLyiNG,110.0,65.0,105.0,55.0,95.0,80.0,5.0,FALSE
56.0,digleTT,GrounD,,10.0,55.0,25.0,35.0,45.0,,1.0,FALSE
495.0,mEGA GARchoMp,dragOn,groUnD,108.0,170.0,115.0,120.0,95.0,92.0,4.0,FALSE
387.0,bANeTTe,gHosT,,64.0,115.0,65.0,83.0,63.0,65.0,3.0,FALSE
,kAbuToPs,ROcK,WAtER,60.0,115.0,105.0,65.0,70.0,80.0,1.0,FALSE
670.0,LaMPEnt,gHOsT,FIrE,60.0,40.0,60.0,95.0,60.0,55.0,5.0,FALSE
607.0,cOTTonee,Grass,faIry,40.0,,60.0,37.0,50.0,66.0,5.0,FALSE
,gOREbYSS,wATER,,55.0,,105.0,114.0,75.0,52.0,3.0,FALSE
596.0,tyMpolE,wATER,,50.0,50.0,40.0,50.0,40.0,64.0,5.0,FALSE
557.0,sERPERIOr,gRasS,,75.0,75.0,95.0,75.0,95.0,113.0,5.0,FALSE
332.0,LAiRon,SteEl,rOcK,60.0,90.0,140.0,50.0,50.0,40.0,3.0,FALSE
52.0,PARas,BUG,gRaSs,35.0,70.0,55.0,45.0,55.0,25.0,,
622.0,ScRaFTY,DaRK,FighTInG,65.0,90.0,115.0,45.0,115.0,58.0,5.0,FALSE
125.0,MEGa KaNgAsKhAN,nOrmaL,,105.0,125.0,100.0,60.0,100.0,100.0,1.0,
119.0,weeZiNg,POiSon,,65.0,90.0,120.0,85.0,70.0,60.0,1.0,FALSE
542.0,,WatER,dRaGon,90.0,120.0,100.0,,120.0,100.0,4.0,TRUE
160.0,dRatIni,dRAgon,,41.0,64.0,45.0,50.0,50.0,50.0,1.0,FALSE
626.0,TIrTOUga,waTEr,ROCk,54.0,78.0,103.0,53.0,45.0,,5.0,FALSE
558.0,tePIG,fIRE,,65.0,63.0,45.0,45.0,45.0,45.0,5.0,FALSE
634.0,miNccINo,NoRmAL,,55.0,50.0,,40.0,40.0,75.0,5.0,FALSE
233.0,MegA hERaCRoSs,buG,fiGhtiNg,80.0,185.0,115.0,40.0,105.0,75.0,2.0,FALSE
123.0,tAngELa,GRaSS,,65.0,55.0,115.0,100.0,40.0,,1.0,FALSE
413.0,mETAgrOSs,steel,psyChiC,80.0,135.0,130.0,95.0,90.0,70.0,3.0,FALSE
105.0,droWzEE,PSYchIC,,60.0,48.0,45.0,43.0,90.0,42.0,1.0,FALSE
611.0,baSCuLin,watER,,70.0,92.0,65.0,80.0,55.0,,5.0,FALSE
757.0,iNkAY,DArk,psycHIc,53.0,54.0,53.0,37.0,46.0,45.0,6.0,FALSE
541.0,DIAlGA,Steel,DRAGon,100.0,120.0,120.0,150.0,100.0,90.0,4.0,TRUE
506.0,CarnIvIne,grASS,,74.0,100.0,72.0,90.0,72.0,46.0,4.0,FALSE
361.0,VIbRAVA,,DRagOn,50.0,70.0,50.0,50.0,50.0,70.0,3.0,FALSE
45.0,jiGGlYpUFF,nOrMal,fAiRy,115.0,45.0,20.0,45.0,25.0,20.0,1.0,FALSE
304.0,raLtS,PsyCHic,FAiRy,28.0,25.0,25.0,45.0,35.0,40.0,3.0,FALSE
333.0,AGgROn,steEl,ROck,70.0,110.0,180.0,,60.0,50.0,3.0,FALSE
712.0,kYuRem blACK KYUrem,DRAGon,IcE,125.0,170.0,100.0,120.0,90.0,95.0,5.0,TRUE
287.0,zIgZagooN,noRMal,,38.0,30.0,41.0,30.0,41.0,60.0,3.0,FALSE
433.0,tURTWiG,GRASs,,55.0,68.0,64.0,45.0,,31.0,4.0,FALSE
115.0,hITmonLeE,FightING,,50.0,120.0,53.0,35.0,110.0,87.0,1.0,FALSE
682.0,MIeNsHaO,fIGHTiNG,,65.0,125.0,60.0,95.0,,105.0,5.0,FALSE
306.0,GArDeVoIr,pSYchIC,FaIRY,68.0,65.0,,125.0,115.0,80.0,3.0,FALSE
288.0,lINooNE,NORmAl,,78.0,70.0,61.0,50.0,61.0,100.0,3.0,
344.0,IllUMISE,bUg,,65.0,47.0,55.0,73.0,75.0,85.0,3.0,FALSE
406.0,LuvDISc,,,43.0,30.0,,40.0,65.0,97.0,3.0,FALSE
782.0,pUmpkaboo SmalL sIZE,gHOsT,graSS,44.0,66.0,70.0,44.0,55.0,56.0,6.0,FALSE
206.0,aiPOm,nORmAL,,55.0,70.0,55.0,40.0,55.0,85.0,2.0,FALSE
524.0,,GroUnd,flyINg,75.0,95.0,125.0,45.0,75.0,95.0,4.0,
535.0,FroSt RoTOm,eLEcTRiC,iCe,50.0,65.0,107.0,105.0,107.0,86.0,4.0,FALSE
91.0,farFETCh'd,NoRmAL,flYIng,52.0,65.0,55.0,58.0,62.0,60.0,1.0,FALSE
421.0,MEGA LATiOs,draGon,PSYchIC,80.0,130.0,100.0,160.0,120.0,110.0,3.0,TRUE
176.0,SEnTret,noRmAl,,35.0,46.0,34.0,35.0,45.0,20.0,2.0,FALSE
673.0,FraxURE,DrAGOn,,66.0,117.0,70.0,40.0,50.0,67.0,5.0,FALSE
510.0,SNOvER,GrAsS,ice,60.0,62.0,50.0,62.0,,40.0,4.0,FALSE
32.0,rAIcHU,ELEctRIC,,60.0,90.0,55.0,90.0,80.0,110.0,1.0,FALSE
97.0,MUK,,,105.0,,75.0,65.0,100.0,50.0,1.0,FALSE
92.0,dODUo,,FLyING,35.0,85.0,45.0,35.0,35.0,75.0,,FALSE
131.0,STARMie,watER,PSYchiC,,75.0,85.0,100.0,85.0,115.0,1.0,FALSE
799.0,HOOpa uNbouNd,pSyChic,dArK,80.0,160.0,60.0,170.0,130.0,80.0,6.0,TRUE
262.0,bLiSSey,norMAL,,255.0,,10.0,75.0,135.0,55.0,2.0,
50.0,GLoOm,GrasS,pOisON,60.0,65.0,70.0,85.0,75.0,40.0,1.0,FALSE
138.0,MeGA PiNsIR,bUG,FlYing,65.0,155.0,,65.0,90.0,105.0,1.0,FALSE
357.0,spoink,pSYcHIc,,,25.0,35.0,70.0,80.0,60.0,3.0,FALSE
291.0,BEAutIfLy,BuG,flyInG,60.0,70.0,50.0,100.0,50.0,65.0,3.0,FALSE
445.0,bidoOf,NORmAl,,59.0,45.0,40.0,35.0,,31.0,4.0,FALSE
93.0,dOdRio,NORMal,fLying,60.0,110.0,70.0,60.0,60.0,100.0,1.0,FALSE
451.0,lUxrAy,ELectRIc,,80.0,120.0,79.0,95.0,,70.0,4.0,FALSE
690.0,BRAVIaRy,NOrMAl,FLyING,100.0,123.0,75.0,57.0,75.0,80.0,5.0,FALSE
188.0,cleffA,FAiRy,,50.0,,28.0,45.0,55.0,15.0,2.0,FALSE
178.0,hoOThOoT,noRMaL,fLYInG,,30.0,30.0,36.0,56.0,50.0,2.0,FALSE
12.0,BLastoiSe,waTer,,79.0,83.0,100.0,85.0,105.0,,1.0,
742.0,gOgOaT,GRaSs,,123.0,100.0,62.0,97.0,81.0,68.0,6.0,FALSE
357.0,spoInK,PsyChic,,60.0,25.0,35.0,70.0,80.0,60.0,3.0,FALSE
261.0,milTaNK,nORMAl,,95.0,80.0,105.0,,70.0,100.0,2.0,FALSE
755.0,SwIrlIX,faIRy,,62.0,48.0,66.0,59.0,57.0,49.0,6.0,FALSE
619.0,dwEBbLE,BuG,roCK,50.0,65.0,85.0,35.0,35.0,55.0,5.0,FALSE
468.0,cHERuBI,,,45.0,35.0,45.0,,53.0,35.0,4.0,FALSE
293.0,DuStoX,buG,POISoN,60.0,50.0,70.0,50.0,90.0,,3.0,FALSE
356.0,torkOAl,FIre,,70.0,85.0,,85.0,70.0,20.0,3.0,FALSE
761.0,SKreLp,POisON,waTeR,50.0,60.0,60.0,60.0,60.0,30.0,6.0,FALSE
334.0,mEgA aggrON,sTEEL,,70.0,140.0,230.0,60.0,80.0,50.0,3.0,FALSE
284.0,MEgA SwAmpeRt,Water,GroUND,100.0,150.0,110.0,95.0,110.0,70.0,3.0,FALSE
297.0,sEeDot,grAsS,,40.0,40.0,50.0,30.0,30.0,30.0,3.0,FALSE
,GIBLE,drAGon,GRound,58.0,70.0,45.0,40.0,45.0,42.0,4.0,
677.0,CryoGONaL,Ice,,70.0,50.0,30.0,95.0,135.0,105.0,5.0,FALSE
664.0,TYNaMO,eleCtric,,35.0,55.0,40.0,,40.0,60.0,5.0,FALSE
668.0,BeHEEYEm,psYChiC,,75.0,75.0,75.0,125.0,95.0,40.0,5.0,FALSE
89.0,mAgNemiTe,ELECTrIC,,25.0,35.0,70.0,95.0,55.0,45.0,1.0,FALSE
35.0,NiDORAN♀,poISoN,,55.0,47.0,52.0,40.0,,41.0,1.0,FALSE
540.0,azeLf,pSYChic,,75.0,125.0,70.0,125.0,70.0,115.0,4.0,
364.0,caCtUrnE,GRass,DArK,70.0,115.0,60.0,115.0,60.0,55.0,3.0,FALSE
252.0,donphaN,GRounD,,90.0,120.0,120.0,60.0,60.0,50.0,2.0,FALSE
494.0,gaRcHOmP,dRAGOn,gRouND,108.0,130.0,95.0,80.0,85.0,102.0,4.0,FALSE
109.0,VOltoRb,eLectRIc,,40.0,30.0,50.0,55.0,55.0,100.0,1.0,FALSE
638.0,GoTHItELle,PsYchIC,,70.0,55.0,95.0,95.0,110.0,65.0,5.0,FALSE
473.0,DrIfLoon,ghOSt,FlYiNg,90.0,50.0,34.0,,44.0,70.0,4.0,FALSE
617.0,DARMANiTan zeN modE,fIrE,psychiC,105.0,30.0,105.0,140.0,105.0,55.0,5.0,FALSE
407.0,bagoN,DRAGoN,,45.0,75.0,60.0,40.0,30.0,50.0,3.0,FALSE
365.0,swABlU,noRMAL,fLYiNG,45.0,40.0,60.0,40.0,75.0,50.0,3.0,FALSE
547.0,cReSSELIA,PSyChIc,,120.0,70.0,120.0,75.0,130.0,85.0,4.0,FALSE
129.0,Seaking,wATER,,,92.0,65.0,65.0,80.0,68.0,1.0,FALSE
432.0,deOxYs spEed fORmE,pSycHIC,,50.0,95.0,90.0,95.0,90.0,180.0,3.0,TRUE
789.0,berGmITe,iCe,,55.0,69.0,85.0,32.0,35.0,28.0,6.0,
107.0,kRaBBY,WAtER,,30.0,105.0,90.0,25.0,25.0,50.0,1.0,FALSE
104.0,onix,rOCk,gROund,35.0,45.0,160.0,30.0,45.0,70.0,1.0,FALSE
378.0,LIlEeP,roCK,GrASS,66.0,41.0,77.0,61.0,87.0,23.0,3.0,FALSE
639.0,sOlOSIs,psyChic,,45.0,30.0,40.0,105.0,50.0,20.0,5.0,FALSE
57.0,DugTrio,GROuND,,,80.0,50.0,50.0,70.0,120.0,,FALSE
88.0,MEGa sLOWbRO,waTER,psYcHIC,95.0,75.0,180.0,130.0,80.0,30.0,1.0,FALSE
328.0,meGA SableyE,dARk,gHosT,50.0,85.0,125.0,85.0,115.0,20.0,3.0,FALSE
637.0,gothORItA,PSYCHiC,,60.0,,70.0,75.0,85.0,55.0,5.0,FALSE
623.0,SIgILyPH,psychiC,FlyiNG,72.0,58.0,80.0,103.0,80.0,97.0,5.0,FALSE
566.0,liLlIpUp,nOrMAl,,45.0,60.0,45.0,25.0,45.0,55.0,5.0,FALSE
511.0,aBOmasNOW,GRasS,iCe,90.0,92.0,75.0,92.0,85.0,,4.0,FALSE
461.0,WORmadAm tRASH clOAk,bUG,SteEL,60.0,69.0,95.0,69.0,95.0,36.0,4.0,FALSE
194.0,MaREeP,electRic,,55.0,40.0,40.0,,45.0,35.0,2.0,FALSE
574.0,sImIsEAr,fiRE,,75.0,98.0,63.0,98.0,63.0,101.0,5.0,FALSE
472.0,AMBipoM,NOrmAl,,75.0,100.0,66.0,60.0,66.0,115.0,4.0,FALSE
454.0,cRaNIdOS,RoCk,,67.0,125.0,40.0,30.0,30.0,58.0,4.0,FALSE
242.0,reMoraiD,wATEr,,35.0,65.0,35.0,65.0,35.0,65.0,2.0,FALSE
779.0,PhANtump,GHOst,grASS,43.0,70.0,48.0,50.0,60.0,38.0,6.0,FALSE
507.0,FiNnEoN,WaTeR,,49.0,49.0,56.0,49.0,61.0,66.0,4.0,FALSE
181.0,LedIaN,Bug,flyIng,55.0,35.0,50.0,55.0,110.0,85.0,2.0,FALSE
80.0,tEntaCRUEL,waTer,PoiSoN,80.0,70.0,65.0,80.0,120.0,100.0,1.0,FALSE
744.0,pANgOrO,fIgHtINg,DARk,95.0,124.0,78.0,69.0,71.0,58.0,6.0,FALSE
497.0,RIOLu,fiGhtinG,,40.0,70.0,40.0,35.0,40.0,60.0,4.0,FALSE
117.0,lickiTunG,norMAL,,90.0,55.0,75.0,60.0,75.0,30.0,1.0,FALSE
87.0,sLOWbrO,wAter,PsyChIc,95.0,75.0,110.0,100.0,80.0,30.0,1.0,FALSE
213.0,uMBREoN,dark,,95.0,65.0,,60.0,130.0,65.0,2.0,FALSE
640.0,duOSIOn,,,65.0,40.0,50.0,125.0,60.0,30.0,5.0,FALSE
17.0,WEEdLE,BUg,POiSoN,40.0,35.0,30.0,20.0,,50.0,1.0,FALSE
13.0,MEGA BlASTOiSe,waTeR,,79.0,,120.0,135.0,115.0,78.0,1.0,FALSE
127.0,SeAdrA,wATer,,55.0,65.0,95.0,95.0,,85.0,1.0,FALSE
498.0,LucAriO,fIGHtING,SteEL,70.0,110.0,70.0,115.0,70.0,90.0,4.0,FALSE
202.0,PolItOed,wATER,,90.0,75.0,75.0,90.0,100.0,70.0,2.0,FALSE
573.0,pANseAr,FIrE,,50.0,53.0,48.0,53.0,48.0,64.0,5.0,FALSE
496.0,MUncHlAx,NOrmAl,,135.0,85.0,40.0,40.0,85.0,5.0,4.0,FALSE
323.0,AZuRIlL,NoRMAL,,50.0,20.0,40.0,20.0,40.0,20.0,3.0,FALSE
,BuizEL,wateR,,55.0,65.0,35.0,60.0,30.0,85.0,4.0,FALSE
2.0,ivysaUr,GrasS,PoIsON,60.0,62.0,63.0,,80.0,,1.0,FALSE
469.0,,grass,,,60.0,70.0,87.0,78.0,85.0,4.0,FALSE
719.0,CheSPIn,grass,,56.0,,65.0,48.0,45.0,38.0,6.0,FALSE
693.0,hEAtMor,fIRE,,85.0,97.0,66.0,105.0,66.0,65.0,5.0,FALSE
674.0,HaXOruS,DRagON,,76.0,147.0,90.0,60.0,70.0,97.0,5.0,FALSE
465.0,pACHIrisU,,,60.0,45.0,70.0,45.0,90.0,95.0,4.0,FALSE
375.0,CrAwDaunT,WATeR,dArK,63.0,,85.0,90.0,55.0,55.0,3.0,FALSE
479.0,HonCHkROw,daRk,fLYING,100.0,125.0,52.0,105.0,52.0,71.0,4.0,FALSE
118.0,KOFfInG,PoiSOn,,40.0,65.0,95.0,60.0,45.0,35.0,1.0,FALSE
59.0,perSIaN,NoRmaL,,,70.0,60.0,65.0,65.0,115.0,1.0,FALSE
348.0,caRvANHa,WATEr,DarK,45.0,90.0,20.0,65.0,20.0,65.0,3.0,FALSE
201.0,SudOWoOdO,ROCK,,70.0,100.0,115.0,30.0,65.0,30.0,2.0,FALSE
,SHIELdOn,ROCk,sTeel,30.0,42.0,118.0,42.0,88.0,30.0,4.0,FALSE
678.0,SHelmet,BUG,,50.0,40.0,85.0,40.0,65.0,25.0,5.0,FALSE
175.0,fERAlIgaTr,wATEr,,85.0,105.0,100.0,79.0,83.0,78.0,2.0,FALSE
367.0,Mega ALtaRia,DraGon,FAIrY,75.0,110.0,110.0,110.0,105.0,80.0,3.0,FALSE
681.0,mIENfOO,fIGHtIng,,45.0,85.0,50.0,55.0,50.0,65.0,,FALSE
347.0,swAlOT,,,100.0,73.0,83.0,73.0,83.0,55.0,3.0,FALSE
404.0,gORebYSs,wATEr,,55.0,84.0,105.0,114.0,75.0,52.0,,FALSE
572.0,,GRasS,,75.0,98.0,63.0,98.0,63.0,101.0,5.0,FALSE
463.0,COmBEE,bUG,FLyIng,30.0,30.0,42.0,30.0,42.0,70.0,4.0,FALSE
68.0,,WaTeR,fIGhTiNG,90.0,95.0,95.0,70.0,90.0,70.0,1.0,FALSE
699.0,vOLcarOna,BuG,fIRE,85.0,60.0,65.0,135.0,105.0,100.0,5.0,FALSE
552.0,shaymIn SKy FOrMe,GRass,flYiNg,100.0,103.0,75.0,120.0,75.0,127.0,4.0,TRUE
665.0,EELektrIk,elecTrIc,,65.0,85.0,70.0,75.0,70.0,40.0,5.0,FALSE
707.0,REshirAM,DrAGON,FIRE,100.0,120.0,100.0,150.0,120.0,90.0,5.0,TRUE
41.0,cLEFAiry,faIrY,,70.0,45.0,48.0,60.0,65.0,35.0,,FALSE
629.0,ARCheops,ROCK,FLying,75.0,140.0,65.0,112.0,65.0,110.0,5.0,FALSE
140.0,magiKarp,wATER,,20.0,,55.0,15.0,20.0,80.0,1.0,
583.0,zeBStRIKa,eLECTRiC,,75.0,,63.0,80.0,63.0,,,FALSE
83.0,gOlEM,Rock,grOunD,80.0,120.0,130.0,55.0,,45.0,1.0,FALSE
788.0,gourgEist SUPer Size,gHOST,GrASs,85.0,100.0,122.0,58.0,75.0,,6.0,FALSE
704.0,tornADuS ThErIAN FOrmE,fLYInG,,79.0,100.0,80.0,110.0,90.0,121.0,5.0,TRUE
571.0,PanSaGe,grAsS,,50.0,53.0,48.0,53.0,48.0,64.0,5.0,FALSE
181.0,,BUG,FLYinG,55.0,35.0,50.0,55.0,110.0,85.0,2.0,FALSE
226.0,sNUBBull,fairY,,60.0,80.0,50.0,40.0,40.0,30.0,2.0,FALSE
,XATU,PsYCHIC,FLyinG,65.0,75.0,70.0,95.0,70.0,95.0,2.0,FALSE
155.0,Mega AeRODACtyL,RoCK,FLYIng,80.0,135.0,85.0,70.0,95.0,150.0,,FALSE
588.0,SWoObaT,PSYCHic,FlyING,67.0,57.0,55.0,77.0,55.0,114.0,5.0,FALSE
760.0,bARbaRacle,Rock,waTer,72.0,105.0,115.0,54.0,86.0,,6.0,FALSE
765.0,HElIOPtIle,ELectRIC,nOrMaL,44.0,38.0,,61.0,43.0,70.0,6.0,FALSE
597.0,PAlpIToAd,watEr,GRounD,75.0,65.0,,65.0,55.0,,5.0,FALSE
612.0,SanDiLe,gROuNd,DARk,50.0,72.0,35.0,35.0,35.0,65.0,5.0,FALSE
576.0,simiPOUR,wAter,,75.0,98.0,63.0,98.0,63.0,101.0,5.0,FALSE
,ScYThEr,BUg,flyinG,70.0,110.0,80.0,55.0,80.0,105.0,1.0,FALSE
764.0,cLaWITZer,wATEr,,71.0,73.0,88.0,120.0,89.0,59.0,6.0,FALSE
396.0,SnOrUnt,ICe,,50.0,50.0,50.0,50.0,50.0,50.0,3.0,FALSE
254.0,STantLER,nOrMal,,73.0,95.0,62.0,85.0,65.0,85.0,2.0,FALSE
630.0,tRUBbISH,poiSON,,,50.0,62.0,40.0,62.0,65.0,5.0,FALSE
67.0,PolIWHiRl,WAteR,,65.0,65.0,,,50.0,90.0,1.0,FALSE
,MArShTOmp,WaTEr,GrOUNd,70.0,85.0,70.0,60.0,70.0,50.0,3.0,FALSE
30.0,ARBOk,poIsoN,,,85.0,69.0,65.0,79.0,80.0,1.0,FALSE
349.0,sHArpeDo,WatER,DARK,70.0,120.0,40.0,95.0,40.0,95.0,3.0,FALSE
340.0,Mega MaNeCtric,ElectrIc,,70.0,75.0,80.0,135.0,80.0,135.0,3.0,FALSE
379.0,CradiLy,rOCk,GRAsS,86.0,81.0,97.0,81.0,,43.0,3.0,FALSE
474.0,DrIfblIM,GHosT,FlYINg,150.0,80.0,44.0,90.0,54.0,80.0,4.0,FALSE
180.0,LEDyBa,buG,flYInG,40.0,20.0,30.0,,80.0,55.0,2.0,FALSE
792.0,,,DRAgON,85.0,70.0,80.0,97.0,80.0,123.0,6.0,FALSE
575.0,,WatEr,,50.0,53.0,48.0,53.0,,64.0,5.0,FALSE
766.0,heLIOlIsK,ELectRIC,NOrMaL,62.0,55.0,52.0,109.0,94.0,109.0,6.0,FALSE
741.0,SKiddo,grass,,,65.0,48.0,62.0,57.0,52.0,6.0,FALSE
203.0,HOpPIP,gRAss,,35.0,35.0,40.0,35.0,55.0,50.0,2.0,FALSE
694.0,DuRAnT,buG,steel,58.0,109.0,112.0,48.0,48.0,109.0,5.0,FALSE
672.0,axeW,draGon,,46.0,87.0,60.0,30.0,40.0,57.0,5.0,FALSE
14.0,cAtERPie,,,45.0,30.0,35.0,20.0,20.0,45.0,1.0,FALSE
666.0,EeLeKtROSs,electRIC,,85.0,115.0,80.0,105.0,80.0,50.0,5.0,FALSE
327.0,SaBLEYe,DaRK,gHOsT,50.0,75.0,75.0,65.0,65.0,50.0,3.0,FALSE
415.0,regiROCk,rocK,,80.0,100.0,200.0,50.0,100.0,50.0,3.0,TRUE
721.0,cheSnauGHt,GrAsS,FigHtIng,88.0,107.0,122.0,74.0,75.0,64.0,6.0,FALSE
564.0,,noRmaL,,45.0,55.0,39.0,35.0,39.0,42.0,5.0,FALSE
46.0,wigglyTUFF,NoRMAL,FairY,140.0,70.0,45.0,,50.0,45.0,1.0,FALSE
154.0,AeRODaCtyL,rOcK,FlyinG,80.0,105.0,65.0,60.0,75.0,,1.0,
235.0,TeDdiursA,nORmAl,,60.0,80.0,50.0,50.0,,40.0,2.0,FALSE
748.0,mEOWStiC feMaLe,PsYchIC,,74.0,48.0,76.0,83.0,81.0,104.0,,FALSE
717.0,mELoEttA PIRouetTE ForMe,NORMAL,FiGhtING,100.0,128.0,90.0,77.0,77.0,,5.0,FALSE
606.0,scOlIpeDE,buG,poISOn,60.0,100.0,89.0,55.0,69.0,112.0,5.0,FALSE
783.0,,GhOST,GraSS,54.0,66.0,70.0,44.0,55.0,46.0,6.0,FALSE
215.0,slowkinG,WatEr,psYchic,95.0,75.0,80.0,,110.0,30.0,2.0,FALSE
425.0,prIMAL GROudON,grOUNd,FirE,100.0,180.0,160.0,150.0,,90.0,3.0,TRUE
636.0,GotHita,psychic,,45.0,30.0,50.0,55.0,65.0,45.0,5.0,FALSE
483.0,sTunKy,pOiSON,dark,63.0,63.0,47.0,41.0,41.0,74.0,4.0,FALSE
650.0,KarRAbLasT,bUG,,,,45.0,40.0,45.0,60.0,5.0,FALSE
308.0,suRSKIT,bug,WaTER,40.0,30.0,32.0,50.0,52.0,65.0,3.0,FALSE
322.0,HaRiyAmA,fIgHTinG,,144.0,120.0,60.0,,60.0,50.0,3.0,FALSE
430.0,DEOxysATtaCk fORmE,PSYchIc,,50.0,180.0,20.0,180.0,20.0,150.0,3.0,TRUE
582.0,blitZLE,ElEcTrIC,,45.0,60.0,32.0,50.0,32.0,76.0,5.0,FALSE
66.0,pOLiwAG,,,40.0,50.0,40.0,40.0,40.0,90.0,1.0,FALSE
505.0,tOXicRoak,poison,fiGHtiNG,83.0,106.0,65.0,86.0,65.0,85.0,4.0,FALSE
480.0,glAmeOW,NOrMAL,,49.0,55.0,42.0,42.0,37.0,85.0,4.0,FALSE
64.0,gROwLIThE,,,55.0,70.0,45.0,70.0,50.0,60.0,1.0,FALSE
189.0,IGGlYBuFf,nOrmal,FaIrY,90.0,30.0,15.0,40.0,20.0,15.0,2.0,FALSE
565.0,waTChOg,nORMAl,,60.0,85.0,69.0,60.0,69.0,77.0,5.0,
258.0,smOoCHUm,icE,psyCHIC,45.0,30.0,15.0,85.0,65.0,65.0,2.0,FALSE
584.0,roggENrOLA,,,55.0,75.0,85.0,25.0,25.0,15.0,5.0,FALSE
559.0,PiGNIte,Fire,fIgHtING,90.0,93.0,55.0,70.0,55.0,55.0,5.0,FALSE
97.0,mUK,,,105.0,105.0,75.0,65.0,,50.0,1.0,FALSE
373.0,whIScASh,WatEr,GrouNd,,78.0,73.0,76.0,71.0,60.0,3.0,FALSE
164.0,mega MEwTWo x,psYChic,fiGhtiNg,106.0,190.0,100.0,154.0,100.0,130.0,1.0,TRUE
144.0,ditTo,nORMaL,,48.0,48.0,48.0,48.0,48.0,48.0,1.0,FALSE
628.0,archeN,ROCK,flyInG,55.0,112.0,45.0,74.0,45.0,70.0,5.0,FALSE
793.0,xERNeaS,Fairy,,126.0,131.0,95.0,131.0,98.0,99.0,,TRUE
55.0,VEnomOTH,bUg,PoiSoN,70.0,65.0,60.0,90.0,75.0,90.0,1.0,FALSE
322.0,HaRIYAMa,fIghtiNG,,144.0,120.0,60.0,40.0,60.0,50.0,3.0,FALSE
114.0,MAROWaK,grOuND,,60.0,80.0,110.0,50.0,80.0,45.0,1.0,FALSE
659.0,fERroSEEd,GrAsS,SteEl,44.0,50.0,91.0,24.0,86.0,10.0,5.0,FALSE
667.0,elGYem,PsyCHic,,55.0,55.0,55.0,,55.0,30.0,5.0,FALSE
10.0,,wAter,,44.0,48.0,65.0,50.0,64.0,43.0,1.0,FALSE
637.0,GothOriTA,PSYCHiC,,60.0,45.0,70.0,75.0,85.0,55.0,5.0,FALSE
42.0,,fairy,,95.0,70.0,73.0,95.0,90.0,60.0,1.0,FALSE
,FEralIGatR,,,85.0,105.0,100.0,79.0,83.0,78.0,2.0,FALSE
350.0,meGA ShARPedo,WatER,darK,70.0,140.0,70.0,110.0,65.0,105.0,3.0,FALSE
654.0,FrIlLiSH,waTEr,GhOsT,55.0,40.0,50.0,65.0,85.0,40.0,5.0,FALSE
527.0,GAlladE,pSycHiC,FiGhtINg,68.0,125.0,65.0,65.0,115.0,80.0,4.0,FALSE
372.0,,WatER,grOuND,50.0,,43.0,46.0,41.0,60.0,3.0,FALSE
141.0,gYaRADOS,WAteR,flyiNg,95.0,125.0,79.0,60.0,100.0,81.0,1.0,
444.0,sTaRAPTor,norMAl,flying,85.0,120.0,70.0,50.0,60.0,100.0,4.0,FALSE
734.0,SpEwPa,buG,,45.0,22.0,60.0,,30.0,29.0,6.0,
167.0,cHIkoriTA,grASs,,45.0,49.0,,49.0,65.0,45.0,2.0,FALSE
268.0,TYRaniTaR,rOcK,daRK,100.0,134.0,110.0,95.0,100.0,61.0,,FALSE
101.0,HauNTeR,GhOST,,45.0,50.0,45.0,115.0,,95.0,1.0,FALSE
775.0,GOoMy,dRagOn,,45.0,50.0,,55.0,75.0,40.0,6.0,FALSE
173.0,totodile,water,,50.0,65.0,64.0,44.0,48.0,43.0,2.0,FALSE
393.0,AbSol,DArk,,65.0,,60.0,75.0,60.0,75.0,,FALSE
398.0,megA gLalIe,IcE,,80.0,120.0,80.0,120.0,80.0,100.0,3.0,FALSE
630.0,trUBBish,POIson,,50.0,50.0,62.0,40.0,62.0,65.0,5.0,FALSE
124.0,kaNgasKhAN,noRMal,,105.0,95.0,80.0,40.0,80.0,90.0,1.0,FALSE
249.0,,darK,fIRe,75.0,90.0,90.0,,90.0,115.0,2.0,FALSE
433.0,TuRTWIG,gRASS,,55.0,68.0,64.0,45.0,55.0,31.0,4.0,FALSE
526.0,porYgon-Z,NorMaL,,85.0,80.0,70.0,135.0,75.0,90.0,4.0,FALSE
490.0,cHAtoT,nORmaL,FlYINg,76.0,65.0,45.0,92.0,42.0,91.0,4.0,FALSE
388.0,MEGa BAnETTE,gHosT,,64.0,165.0,75.0,93.0,83.0,75.0,3.0,FALSE
488.0,MIMe jR.,pSychIC,FaIRY,20.0,25.0,45.0,70.0,90.0,60.0,4.0,FALSE
156.0,SNorLAx,normAL,,160.0,110.0,65.0,65.0,110.0,30.0,1.0,FALSE
467.0,FloATzel,WatER,,85.0,105.0,55.0,85.0,50.0,115.0,,FALSE
230.0,MeGA SCIzoR,BUg,SteeL,70.0,150.0,140.0,65.0,,75.0,2.0,FALSE
771.0,SYlVEON,faIry,,95.0,65.0,65.0,110.0,130.0,60.0,6.0,FALSE
671.0,CHanDElUre,GHOst,FIRE,60.0,55.0,90.0,,,80.0,5.0,FALSE
536.0,Fan ROTOm,eLeCTrIC,FLYINg,50.0,65.0,107.0,105.0,107.0,86.0,4.0,FALSE
,MAnAphY,WaTer,,,,100.0,100.0,100.0,100.0,4.0,FALSE
161.0,dRAGOnaiR,dRagON,,61.0,84.0,65.0,70.0,70.0,70.0,1.0,FALSE
618.0,MARaCtus,GRasS,,75.0,86.0,67.0,106.0,67.0,60.0,5.0,FALSE
,scatTERbug,BUG,,,35.0,40.0,27.0,25.0,35.0,6.0,FALSE
359.0,spiNDa,nORmAl,,60.0,60.0,60.0,60.0,60.0,,3.0,FALSE
156.0,SnoRlAx,norMAL,,160.0,110.0,65.0,,110.0,30.0,1.0,FALSE
786.0,GOurgeist sMALl sIze,ghosT,GrASs,55.0,85.0,122.0,58.0,75.0,99.0,6.0,FALSE
215.0,SlOWKInG,WaTER,pSycHic,95.0,75.0,80.0,100.0,110.0,30.0,2.0,FALSE
98.0,sHellDEr,wATer,,30.0,65.0,100.0,45.0,25.0,40.0,1.0,
543.0,Heatran,FirE,STeeL,,90.0,106.0,130.0,106.0,77.0,4.0,TRUE
331.0,ARON,,ROCk,50.0,70.0,100.0,40.0,40.0,,3.0,FALSE
197.0,mEgA aMphARos,elEctric,DRAgon,90.0,95.0,105.0,165.0,110.0,45.0,2.0,FALSE
575.0,pAnPoUR,waTER,,50.0,53.0,,53.0,48.0,64.0,5.0,
303.0,peLIpPer,waTER,fLYIng,60.0,50.0,100.0,85.0,70.0,,3.0,FALSE
612.0,SAnDILE,GrOund,DaRk,50.0,,35.0,35.0,35.0,65.0,5.0,FALSE
417.0,REGIsTEEl,StEel,,80.0,75.0,150.0,75.0,150.0,50.0,3.0,TRUE
746.0,eSPuRR,PsYcHic,,62.0,48.0,,63.0,60.0,68.0,6.0,FALSE
391.0,TRoPIus,grAsS,flYing,99.0,68.0,83.0,72.0,87.0,51.0,3.0,FALSE
243.0,oCTIllEry,wAtEr,,75.0,105.0,75.0,,75.0,45.0,2.0,FALSE
128.0,GolDEEn,Water,,45.0,67.0,60.0,35.0,50.0,63.0,1.0,FALSE
631.0,GARbOdOR,poIsON,,80.0,95.0,82.0,60.0,82.0,75.0,5.0,FALSE
283.0,sWAMPErt,WATEr,gRoUND,100.0,110.0,90.0,85.0,90.0,60.0,3.0,FALSE
486.0,bRONzOng,steEl,psYcHic,67.0,89.0,116.0,79.0,116.0,33.0,4.0,FALSE
171.0,quILavA,FIrE,,58.0,64.0,58.0,80.0,65.0,80.0,2.0,FALSE
241.0,CorSOla,WATEr,ROCK,55.0,55.0,85.0,65.0,85.0,35.0,2.0,FALSE
179.0,nocTowl,nORMal,fLYIng,100.0,50.0,50.0,76.0,96.0,70.0,2.0,FALSE
54.0,VEnoNat,bug,pOison,60.0,55.0,50.0,40.0,55.0,45.0,1.0,FALSE
166.0,MeW,pSycHIc,,100.0,100.0,100.0,100.0,100.0,100.0,1.0,FALSE
185.0,,WAtER,ELEcTrIC,75.0,38.0,,56.0,56.0,67.0,2.0,FALSE
426.0,rAYqUAzA,dRaGon,FlYing,,150.0,90.0,150.0,90.0,95.0,3.0,TRUE
689.0,rUFFlEt,nORMaL,FLYING,70.0,83.0,50.0,37.0,50.0,60.0,5.0,FALSE
183.0,aRIADOs,bug,PoISON,70.0,90.0,70.0,60.0,60.0,40.0,2.0,FALSE
224.0,StEeLIx,sTEel,GrOunD,75.0,85.0,200.0,55.0,65.0,30.0,2.0,FALSE
508.0,LUmiNEON,WATer,,69.0,69.0,76.0,69.0,86.0,91.0,4.0,FALSE
309.0,mAsQUeRAIn,,fLyING,70.0,60.0,62.0,80.0,82.0,60.0,3.0,
500.0,hIPpoPotAS,GROuND,,,72.0,78.0,,42.0,32.0,4.0,FALSE
49.0,OdDiSh,grASs,PoiSon,45.0,50.0,55.0,75.0,65.0,30.0,1.0,FALSE
743.0,PaNCHam,fIGHtInG,,67.0,82.0,62.0,46.0,48.0,43.0,6.0,FALSE
476.0,lOpUNny,nOrMal,,65.0,76.0,84.0,,96.0,105.0,4.0,FALSE
57.0,DugTRIo,GRoUND,,35.0,80.0,50.0,50.0,70.0,120.0,1.0,FALSE
502.0,SkoruPi,pOIsoN,BUG,40.0,50.0,90.0,30.0,55.0,65.0,4.0,
,vuLpIX,FIRE,,38.0,41.0,40.0,50.0,65.0,65.0,1.0,FALSE
594.0,guRDurr,FigHtiNg,,85.0,105.0,85.0,40.0,50.0,40.0,5.0,FALSE
797.0,Mega diancIe,ROck,FaIRY,50.0,160.0,110.0,160.0,110.0,110.0,,TRUE
534.0,,ElECTriC,WatEr,50.0,65.0,107.0,105.0,107.0,,4.0,FALSE
523.0,GlacEoN,iCe,,65.0,60.0,110.0,,95.0,65.0,4.0,FALSE
718.0,gENeSect,bUG,stEel,71.0,120.0,95.0,120.0,95.0,99.0,5.0,FALSE
346.0,gUlPin,POIsOn,,70.0,43.0,53.0,43.0,53.0,40.0,3.0,FALSE
585.0,boLdore,rock,,70.0,105.0,105.0,50.0,40.0,20.0,,FALSE
616.0,DarManItAN StaNdArd moDE,FIrE,,105.0,140.0,55.0,30.0,55.0,95.0,5.0,FALSE
219.0,gIRafariG,noRMAl,PSYchiC,70.0,80.0,65.0,90.0,65.0,85.0,2.0,FALSE
19.0,BeEDRIll,BUg,pOISon,65.0,90.0,40.0,45.0,80.0,75.0,1.0,FALSE
763.0,ClauNcHeR,wAter,,50.0,53.0,62.0,58.0,63.0,44.0,6.0,FALSE
735.0,VIViLLON,BuG,fLyiNg,80.0,52.0,50.0,90.0,50.0,89.0,6.0,FALSE
562.0,dewOtT,WATeR,,75.0,75.0,60.0,83.0,60.0,60.0,5.0,FALSE
186.0,lANTuRn,wAtEr,ELeCtRic,125.0,58.0,58.0,76.0,76.0,67.0,2.0,FALSE
204.0,skIPlOom,Grass,fLYIng,55.0,45.0,50.0,45.0,,80.0,2.0,FALSE
462.0,MOtHIm,Bug,flying,70.0,94.0,50.0,94.0,50.0,66.0,4.0,FALSE
329.0,maWile,steEl,Fairy,50.0,85.0,85.0,55.0,55.0,50.0,3.0,FALSE
584.0,roggenrOla,rOcK,,55.0,75.0,85.0,25.0,25.0,15.0,5.0,FALSE
199.0,MarilL,WaTeR,fairY,70.0,20.0,50.0,20.0,50.0,40.0,2.0,FALSE
477.0,,normaL,fIghting,65.0,136.0,94.0,54.0,96.0,135.0,4.0,FALSE
591.0,aUDiNo,NoRMaL,,103.0,60.0,86.0,60.0,,50.0,5.0,FALSE
371.0,SOLroCK,RocK,PsYChic,70.0,95.0,85.0,55.0,65.0,70.0,3.0,FALSE
122.0,cHaNseY,NorMal,,250.0,5.0,5.0,35.0,105.0,50.0,1.0,FALSE
106.0,HYPNo,PsycHIc,,85.0,73.0,70.0,73.0,115.0,67.0,1.0,FALSE
537.0,MOw ROtOm,ElecTrIC,grAss,50.0,65.0,107.0,105.0,107.0,86.0,4.0,
325.0,sKItTy,nOrmAl,,50.0,,45.0,35.0,35.0,50.0,3.0,FALSE
447.0,KRicKetOT,bUG,,,25.0,41.0,25.0,41.0,25.0,4.0,FALSE
647.0,deERLinG,nORmaL,gRASS,60.0,60.0,50.0,40.0,50.0,75.0,5.0,FALSE
732.0,TaLoNFLame,FIRe,FlYInG,78.0,81.0,71.0,74.0,69.0,126.0,6.0,FALSE
567.0,HerDIeR,NOrMaL,,65.0,80.0,65.0,35.0,65.0,60.0,5.0,FALSE
635.0,CInccINO,norMAL,,75.0,95.0,60.0,65.0,60.0,115.0,5.0,FALSE
136.0,MaGmaR,FiRE,,65.0,95.0,57.0,100.0,85.0,93.0,1.0,
73.0,MAcHop,,,70.0,80.0,50.0,35.0,35.0,35.0,1.0,FALSE
102.0,GEngaR,GHOST,poIson,60.0,65.0,60.0,130.0,75.0,110.0,1.0,FALSE
352.0,waILoRD,WaTer,,170.0,90.0,45.0,90.0,45.0,,3.0,FALSE
751.0,AeGIslASH BLADe FOrme,StEEL,gHOst,60.0,150.0,50.0,150.0,50.0,,6.0,FALSE
397.0,GLalie,ICe,,80.0,80.0,80.0,80.0,80.0,80.0,3.0,FALSE
660.0,ferRothoRN,gRASS,steEL,74.0,94.0,131.0,54.0,116.0,20.0,,FALSE
281.0,MUdKIp,wATer,,50.0,70.0,50.0,50.0,50.0,40.0,3.0,FALSE
211.0,quaGSirE,,gRoUnd,95.0,85.0,85.0,65.0,65.0,35.0,2.0,FALSE
796.0,Diancie,ROCk,fAIRY,50.0,100.0,150.0,100.0,150.0,50.0,6.0,TRUE
198.0,BElLossOM,gRaSS,,75.0,80.0,95.0,90.0,100.0,50.0,2.0,FALSE
439.0,pIpLuP,wAtEr,,53.0,51.0,53.0,61.0,56.0,40.0,4.0,FALSE
441.0,emPoleOn,waTeR,StEEl,84.0,86.0,,111.0,101.0,60.0,4.0,
159.0,MoLtREs,FIRe,fLYing,90.0,100.0,90.0,125.0,,90.0,1.0,TRUE
774.0,CArBInk,ROcK,,50.0,50.0,150.0,50.0,150.0,50.0,6.0,FALSE
579.0,piDOvE,noRMAl,flyING,50.0,55.0,50.0,36.0,30.0,43.0,5.0,FALSE
121.0,RhYdON,GroUNd,ROCK,105.0,130.0,120.0,45.0,45.0,40.0,1.0,FALSE
400.0,sEaLEO,Ice,Water,,60.0,70.0,75.0,70.0,45.0,3.0,FALSE
577.0,mUNna,PsyChic,,76.0,25.0,45.0,67.0,55.0,24.0,5.0,FALSE
176.0,SeNtRet,NoRmAL,,35.0,46.0,34.0,35.0,45.0,20.0,2.0,FALSE
600.0,SAWk,FiGhTIng,,75.0,125.0,75.0,30.0,75.0,85.0,5.0,FALSE
77.0,WEePiNbElL,GRASS,pOIsOn,65.0,,50.0,85.0,45.0,55.0,1.0,FALSE
307.0,mega GaRdevOiR,,fAIrY,68.0,85.0,65.0,165.0,135.0,100.0,3.0,FALSE
481.0,pURUGLy,nOrmAL,,71.0,82.0,64.0,64.0,59.0,112.0,4.0,FALSE
420.0,,DRagOn,pSYchIC,,90.0,80.0,130.0,110.0,110.0,3.0,TRUE
227.0,GrANbuLL,fAiRy,,90.0,120.0,75.0,60.0,60.0,45.0,2.0,FALSE
278.0,cOMBuskEN,Fire,fIGhtinG,60.0,85.0,60.0,85.0,60.0,55.0,3.0,FALSE
552.0,shAyMIn sky ForMe,GraSS,flyiNg,100.0,103.0,75.0,120.0,75.0,127.0,4.0,TRUE
740.0,FlORGeS,FaIrY,,,65.0,68.0,112.0,154.0,75.0,,FALSE
550.0,dArkrAi,dARk,,70.0,90.0,90.0,135.0,90.0,125.0,4.0,TRUE
151.0,omasTaR,ROcK,waTer,70.0,60.0,125.0,115.0,70.0,55.0,1.0,FALSE
341.0,PlUslE,elEctRic,,60.0,50.0,40.0,85.0,75.0,95.0,3.0,FALSE
482.0,cHInGLiNg,PSYcHIC,,45.0,30.0,,65.0,50.0,45.0,4.0,FALSE
77.0,wEEPInBEll,GRaSs,pOISon,65.0,90.0,50.0,85.0,45.0,55.0,1.0,FALSE
752.0,aEGISLaSh SHieLd fORmE,StEel,GHosT,60.0,50.0,150.0,50.0,150.0,60.0,6.0,
312.0,slAkOTh,NoRMAl,,60.0,60.0,60.0,35.0,35.0,30.0,3.0,FALSE
267.0,PuPitaR,rOCk,groUNd,70.0,84.0,70.0,65.0,70.0,51.0,2.0,FALSE
238.0,MagcaRgo,fIRe,rocK,50.0,50.0,120.0,80.0,80.0,30.0,2.0,
773.0,dedENNE,eLeCtrIC,fAIRy,67.0,58.0,57.0,81.0,67.0,101.0,6.0,FALSE
335.0,medItIte,FiGhTinG,psYcHIc,30.0,40.0,55.0,,55.0,60.0,3.0,
145.0,eeVEe,NORmAl,,55.0,55.0,50.0,45.0,65.0,55.0,1.0,FALSE
58.0,mEOWth,NOrMal,,40.0,45.0,35.0,40.0,40.0,90.0,1.0,FALSE
250.0,KiNgDrA,,dragon,75.0,95.0,95.0,95.0,95.0,85.0,2.0,FALSE
319.0,LOudReD,nORmAL,,84.0,,43.0,71.0,43.0,48.0,3.0,FALSE
418.0,lATiAS,dragOn,PsYchiC,80.0,80.0,90.0,110.0,130.0,110.0,3.0,TRUE
240.0,,Ice,GROUNd,100.0,100.0,80.0,60.0,60.0,50.0,2.0,
165.0,MeGa MEWTwO Y,pSYChIc,,106.0,150.0,70.0,194.0,120.0,140.0,1.0,TRUE
416.0,rEgIce,,,80.0,50.0,100.0,100.0,200.0,50.0,3.0,
367.0,mEga ALtAriA,DRAGoN,fAIRY,75.0,110.0,110.0,110.0,105.0,80.0,3.0,FALSE
593.0,timBUrr,FIghTing,,75.0,80.0,55.0,25.0,35.0,35.0,5.0,FALSE
210.0,woopEr,WAtER,gROunD,55.0,45.0,45.0,25.0,25.0,15.0,2.0,FALSE
380.0,aNorItH,roCK,BUG,,95.0,50.0,40.0,50.0,75.0,3.0,FALSE
271.0,Ho-oh,FIre,fLYIng,106.0,130.0,90.0,110.0,154.0,90.0,2.0,TRUE
302.0,WINGUlL,wAtEr,FLyInG,40.0,30.0,30.0,55.0,30.0,85.0,3.0,FALSE
322.0,HArIYAMa,FiGHTING,,144.0,120.0,60.0,40.0,60.0,50.0,3.0,FALSE
703.0,TOrNADus INCArnATE foRmE,FlYInG,,79.0,115.0,70.0,125.0,80.0,111.0,5.0,TRUE
489.0,haPpINy,norMaL,,100.0,5.0,5.0,15.0,65.0,30.0,4.0,FALSE
40.0,,POiSon,GROuNd,81.0,102.0,77.0,85.0,75.0,85.0,1.0,FALSE
301.0,SWeLlow,nOrMAl,flYIng,60.0,85.0,60.0,50.0,50.0,125.0,3.0,FALSE
563.0,sAMUrOtT,WateR,,95.0,100.0,85.0,108.0,70.0,70.0,5.0,FALSE
374.0,cOrpHisH,WAtEr,,43.0,80.0,65.0,50.0,35.0,35.0,3.0,FALSE
220.0,pIneCO,bUg,,50.0,65.0,90.0,35.0,,15.0,2.0,FALSE
39.0,nIDORiNO,pOIsoN,,61.0,72.0,57.0,,55.0,65.0,1.0,FALSE
512.0,MEGA aBomasnOW,gRaSs,Ice,90.0,132.0,105.0,132.0,105.0,30.0,4.0,FALSE
554.0,viCTiNi,PSYChIC,fIRE,100.0,100.0,,100.0,100.0,100.0,5.0,TRUE
,Mega ALaKaZAM,PSYchIC,,,50.0,65.0,175.0,95.0,150.0,1.0,FALSE
772.0,HaWLUcHa,figHtInG,fLYiNg,78.0,92.0,75.0,74.0,,118.0,6.0,FALSE
422.0,KYogre,WaTER,,100.0,100.0,90.0,,140.0,90.0,3.0,TRUE
280.0,Mega bLAZIkeN,fiRE,fighTInG,80.0,160.0,80.0,130.0,80.0,100.0,3.0,FALSE
330.0,mEGA MAwILE,,FAirY,50.0,105.0,125.0,55.0,95.0,50.0,3.0,FALSE
320.0,EXplOUd,NorMAl,,104.0,91.0,63.0,91.0,73.0,68.0,,FALSE
485.0,brONZOr,stEel,pSyCHic,57.0,24.0,86.0,24.0,86.0,23.0,4.0,FALSE
314.0,sLaKinG,noRmaL,,150.0,160.0,100.0,,65.0,100.0,3.0,FALSE
270.0,LUGiA,PSYchiC,FLyinG,106.0,,130.0,90.0,154.0,110.0,2.0,TRUE
236.0,uRsARinG,NorMAl,,90.0,130.0,75.0,75.0,75.0,55.0,2.0,FALSE
84.0,POnyTa,fIRe,,50.0,85.0,55.0,65.0,65.0,90.0,1.0,FALSE
75.0,MacHAMP,fIGhtiNg,,90.0,130.0,,65.0,85.0,55.0,1.0,FALSE
365.0,swAbLU,NormAl,,45.0,40.0,60.0,40.0,75.0,50.0,,
,MAgNezoNe,ElectriC,SteEl,70.0,70.0,115.0,130.0,90.0,60.0,4.0,FALSE
560.0,EmBOar,fIRE,fiGhting,110.0,123.0,65.0,100.0,65.0,65.0,5.0,FALSE
403.0,hunTaiL,WateR,,55.0,104.0,105.0,94.0,75.0,52.0,3.0,FALSE
625.0,CofaGRigUs,ghOST,,58.0,50.0,145.0,95.0,105.0,30.0,5.0,FALSE
756.0,sluRpUFF,FaIry,,82.0,,86.0,85.0,75.0,72.0,6.0,FALSE
747.0,meOWStiC MAlE,PsYchIc,,74.0,48.0,76.0,83.0,81.0,104.0,6.0,
81.0,GeoDude,rocK,GroUNd,40.0,80.0,100.0,30.0,30.0,20.0,1.0,FALSE
586.0,GIgAlIth,rock,,,,130.0,60.0,80.0,25.0,5.0,FALSE
370.0,LUNatoNe,rOCk,psYChIc,70.0,55.0,65.0,95.0,85.0,70.0,3.0,FALSE
31.0,pIKAChu,ElECTRic,,35.0,55.0,40.0,50.0,50.0,90.0,1.0,FALSE
264.0,enteI,firE,,115.0,115.0,85.0,90.0,75.0,100.0,2.0,TRUE
662.0,KlAng,stEel,,60.0,80.0,95.0,70.0,85.0,,5.0,FALSE
383.0,MIlOtIC,wATeR,,95.0,60.0,79.0,100.0,125.0,81.0,3.0,FALSE
698.0,LaRvEStA,bUG,fiRe,55.0,85.0,55.0,50.0,55.0,60.0,5.0,FALSE
739.0,FlOeTtE,fairY,,54.0,,47.0,75.0,98.0,52.0,6.0,FALSE
315.0,NINCAda,buG,GROUND,31.0,45.0,90.0,30.0,30.0,40.0,3.0,FALSE
,JoltEon,ELECTrIC,,65.0,65.0,60.0,110.0,95.0,130.0,1.0,FALSE
198.0,beLloSsOm,gRass,,75.0,80.0,95.0,90.0,100.0,50.0,2.0,FALSE
237.0,SLuGma,fIRe,,40.0,40.0,40.0,70.0,40.0,20.0,2.0,FALSE
317.0,ShEDInJA,bug,gHoST,1.0,90.0,45.0,30.0,30.0,40.0,3.0,FALSE
609.0,PETilIl,GRAsS,,45.0,35.0,50.0,70.0,50.0,30.0,5.0,
517.0,tANgrowth,gRAsS,,100.0,100.0,125.0,110.0,50.0,50.0,4.0,FALSE
251.0,PHAnpy,GROuND,,90.0,60.0,60.0,40.0,40.0,40.0,2.0,FALSE
595.0,CONKeLdurr,fIGhtiNG,,105.0,140.0,95.0,55.0,65.0,45.0,5.0,FALSE
228.0,QWilFISh,WateR,POiSon,65.0,95.0,75.0,55.0,55.0,85.0,2.0,FALSE
785.0,gOurGeIst aveRAge size,GhOsT,gRASS,65.0,90.0,122.0,58.0,75.0,84.0,6.0,FALSE
311.0,bReLOom,gRASs,FiGhTIng,60.0,130.0,80.0,60.0,60.0,70.0,3.0,FALSE
432.0,DEOXYs SPEed foRme,psyChIC,,50.0,95.0,90.0,95.0,90.0,180.0,3.0,TRUE
,BellsprOUT,gRass,PoiSOn,50.0,75.0,35.0,70.0,30.0,40.0,1.0,FALSE
395.0,wYnaUT,PsycHic,,95.0,23.0,48.0,,48.0,23.0,3.0,FALSE
439.0,PIPluP,,,53.0,51.0,53.0,61.0,56.0,40.0,4.0,FALSE
99.0,CLOySTer,wATer,iCe,50.0,95.0,180.0,85.0,45.0,70.0,1.0,FALSE
632.0,Zorua,dARK,,40.0,65.0,40.0,80.0,,65.0,5.0,FALSE
369.0,SEvIPer,poiSoN,,,100.0,60.0,100.0,60.0,65.0,3.0,FALSE
355.0,mEGa CAMerUpT,fIRe,gROunD,70.0,120.0,100.0,145.0,105.0,20.0,3.0,FALSE
70.0,KAdabrA,PsychIc,,40.0,35.0,30.0,120.0,70.0,105.0,1.0,FALSE
36.0,NidOrinA,POiSON,,70.0,62.0,67.0,55.0,55.0,56.0,1.0,
608.0,wHimsIcotT,GRASS,FaIry,60.0,67.0,85.0,77.0,75.0,116.0,5.0,
642.0,dUCKleTT,WATer,FLyINg,62.0,44.0,50.0,44.0,50.0,55.0,5.0,FALSE
44.0,NInETalEs,FirE,,73.0,76.0,75.0,81.0,100.0,100.0,1.0,FALSE
48.0,goLbat,POiSON,flYinG,75.0,80.0,70.0,65.0,75.0,90.0,1.0,FALSE
114.0,maROWAk,grouNd,,60.0,80.0,110.0,50.0,80.0,45.0,1.0,FALSE
440.0,PRINplUP,wATer,,64.0,,68.0,81.0,76.0,50.0,4.0,FALSE
318.0,WHISMUr,noRMAL,,64.0,51.0,23.0,51.0,,28.0,3.0,FALSE
682.0,MiEnSHAO,FiGHtiNG,,65.0,125.0,60.0,95.0,60.0,105.0,5.0,FALSE
146.0,VaPOReON,watEr,,130.0,65.0,60.0,110.0,95.0,,1.0,FALSE
11.0,WARtorTLe,waTer,,59.0,63.0,80.0,65.0,,58.0,1.0,FALSE
645.0,VaniLliSh,ice,,51.0,65.0,65.0,80.0,75.0,59.0,5.0,FALSE
561.0,osHAWott,WatEr,,55.0,55.0,45.0,63.0,45.0,45.0,5.0,
416.0,rEGICe,,,80.0,50.0,100.0,100.0,200.0,50.0,3.0,TRUE
,kYUrEM whITe KYURem,,ice,125.0,120.0,90.0,170.0,100.0,95.0,5.0,TRUE
209.0,yANmA,BuG,FLYing,65.0,65.0,45.0,75.0,45.0,95.0,2.0,
114.0,marOwak,grOuNd,,60.0,80.0,110.0,50.0,80.0,45.0,1.0,FALSE
207.0,,gRASs,,30.0,30.0,30.0,30.0,30.0,30.0,2.0,FALSE
759.0,BINaclE,rOcK,WatER,42.0,52.0,67.0,39.0,56.0,50.0,6.0,FALSE
4.0,meGA VenuSAur,GrAsS,PoiSon,80.0,100.0,123.0,122.0,120.0,80.0,1.0,FALSE
513.0,weAViLe,dArk,ice,70.0,120.0,65.0,45.0,,125.0,4.0,FALSE
532.0,RoTOm,eLeCtrIc,GHOSt,50.0,50.0,77.0,95.0,77.0,91.0,4.0,FALSE
277.0,TorChIC,FiRe,,45.0,60.0,40.0,70.0,50.0,45.0,3.0,FALSE
436.0,cHImChar,fIRe,,44.0,58.0,44.0,58.0,44.0,61.0,4.0,FALSE
100.0,GAsTlY,GhoST,PoISoN,30.0,35.0,30.0,100.0,35.0,80.0,1.0,FALSE
342.0,minUN,ELeCTRiC,,60.0,40.0,,75.0,85.0,95.0,3.0,FALSE
112.0,eXEGgUtor,GraSS,pSYcHIc,95.0,95.0,85.0,125.0,65.0,55.0,1.0,FALSE
217.0,UnowN,PSYcHiC,,48.0,72.0,48.0,72.0,48.0,48.0,2.0,FALSE
384.0,,nOrmal,,70.0,70.0,70.0,70.0,70.0,70.0,3.0,FALSE
143.0,laPras,WAter,ICE,,85.0,80.0,85.0,95.0,60.0,1.0,FALSE
731.0,flEtchiNdeR,fiRe,FlyING,62.0,73.0,55.0,56.0,52.0,84.0,6.0,FALSE
,arMaLDO,roCk,BuG,75.0,125.0,100.0,70.0,80.0,45.0,3.0,FALSE
182.0,spINaRAk,buG,POISoN,40.0,60.0,40.0,40.0,40.0,30.0,2.0,FALSE
354.0,,Fire,grOuNd,70.0,100.0,70.0,105.0,75.0,40.0,3.0,FALSE
144.0,DItto,norMal,,48.0,48.0,48.0,48.0,48.0,48.0,1.0,FALSE
800.0,,FIre,WatEr,80.0,110.0,120.0,130.0,90.0,70.0,6.0,TRUE
168.0,BAyLEEf,,,60.0,62.0,80.0,63.0,80.0,60.0,2.0,FALSE
708.0,zEkroM,DraGOn,ELEcTRIc,100.0,150.0,120.0,120.0,100.0,90.0,5.0,TRUE
273.0,tREEcKo,GRASs,,40.0,45.0,35.0,65.0,,70.0,3.0,FALSE
339.0,MAnecTriC,ELEcTRiC,,70.0,75.0,60.0,105.0,60.0,105.0,3.0,FALSE
7.0,ChArIzarD,FIRE,FLyiNg,78.0,84.0,,109.0,85.0,100.0,1.0,FALSE
530.0,DUskNOIr,gHOST,,45.0,100.0,135.0,65.0,135.0,45.0,4.0,FALSE
423.0,PRIMaL KYoGRe,wATER,,100.0,150.0,90.0,180.0,160.0,90.0,3.0,TRUE
570.0,lIePARD,dArK,,64.0,,50.0,88.0,50.0,106.0,5.0,FALSE
728.0,bunnelbY,nOrMAl,,38.0,36.0,38.0,32.0,36.0,57.0,6.0,FALSE
602.0,SwadlOon,bUg,GrAss,55.0,63.0,90.0,50.0,80.0,42.0,5.0,FALSE
687.0,bIShARP,,sTEEl,65.0,125.0,100.0,60.0,70.0,70.0,5.0,FALSE
292.0,caSCOON,BUG,,50.0,35.0,,25.0,25.0,15.0,3.0,FALSE
338.0,EleCTrIkE,eLeCTrIC,,40.0,45.0,40.0,65.0,40.0,65.0,3.0,FALSE
206.0,aiPoM,,,55.0,70.0,55.0,40.0,55.0,85.0,2.0,FALSE
613.0,KRokoroK,GRouND,Dark,60.0,82.0,45.0,45.0,45.0,74.0,5.0,FALSE
724.0,delPhoX,FiRE,PSyChIc,75.0,69.0,72.0,114.0,100.0,104.0,,FALSE
781.0,PuMpKaBOO AveRAGE SiZE,GHOSt,GRASs,49.0,66.0,70.0,44.0,55.0,51.0,6.0,FALSE
606.0,scOLIPedE,bUG,pOisON,60.0,100.0,89.0,55.0,69.0,112.0,5.0,FALSE
643.0,SWAnnA,WaTER,flyInG,75.0,87.0,63.0,87.0,63.0,98.0,5.0,FALSE
382.0,FeEBAS,WAtER,,20.0,15.0,20.0,10.0,55.0,80.0,3.0,FALSE
149.0,POryGon,NORMAl,,65.0,60.0,70.0,85.0,75.0,40.0,1.0,FALSE
239.0,SwinuB,ice,gRoUNd,50.0,50.0,40.0,30.0,30.0,50.0,2.0,
511.0,ABoMasNoW,grass,ICE,90.0,92.0,75.0,92.0,85.0,60.0,4.0,FALSE
274.0,gROvYLe,,,50.0,65.0,45.0,85.0,65.0,95.0,3.0,FALSE
470.0,sHeLLOs,wATer,,76.0,48.0,48.0,57.0,62.0,34.0,4.0,FALSE
553.0,aRCEuS,NORMal,,120.0,,120.0,120.0,120.0,120.0,4.0,TRUE
784.0,PUmpKaboo SUPer siZe,GHOst,graSs,59.0,66.0,70.0,44.0,55.0,41.0,6.0,FALSE
26.0,raTicatE,nOrmaL,,55.0,81.0,60.0,50.0,70.0,97.0,1.0,FALSE
408.0,sheLGOn,DrAgon,,65.0,95.0,100.0,60.0,50.0,50.0,3.0,FALSE
599.0,ThrOH,fIGhTInG,,120.0,100.0,85.0,30.0,85.0,45.0,5.0,FALSE
601.0,sEWADdLe,bug,grASS,45.0,53.0,70.0,40.0,60.0,42.0,5.0,FALSE
53.0,parASeCT,bUg,grASs,60.0,95.0,80.0,60.0,80.0,30.0,1.0,FALSE
61.0,GolDUcK,WATer,,80.0,82.0,78.0,95.0,80.0,85.0,1.0,FALSE
90.0,MAGneToN,ElECtRIc,StEel,,60.0,,120.0,70.0,70.0,1.0,FALSE
711.0,KYureM,dragOn,Ice,125.0,130.0,,130.0,90.0,95.0,5.0,TRUE
402.0,clAMPerl,wateR,,,64.0,85.0,74.0,55.0,32.0,3.0,FALSE
568.0,sTOUTLANd,NORMal,,85.0,110.0,90.0,45.0,90.0,80.0,5.0,FALSE
513.0,WeaViLe,DARk,Ice,70.0,120.0,65.0,45.0,85.0,125.0,4.0,FALSE
695.0,DeInO,Dark,drAgOn,52.0,65.0,50.0,45.0,50.0,38.0,5.0,FALSE
15.0,MeTaPOD,bug,,50.0,20.0,55.0,25.0,25.0,30.0,1.0,FALSE
103.0,mEga gEnGar,gHOSt,poISON,60.0,65.0,80.0,170.0,95.0,130.0,1.0,FALSE
,AuRORuS,rocK,ice,123.0,77.0,72.0,99.0,92.0,58.0,6.0,FALSE
787.0,gouRGEIst largE SIZE,gHOST,GRAss,,95.0,122.0,58.0,75.0,69.0,6.0,FALSE
71.0,ALakaZam,PsyChIC,,,50.0,45.0,135.0,95.0,120.0,,FALSE
142.0,mEgA GYAraDoS,wAtEr,DaRK,95.0,155.0,109.0,70.0,130.0,81.0,1.0,FALSE
18.0,KakUNa,buG,POISOn,45.0,25.0,50.0,25.0,,35.0,1.0,FALSE
452.0,BuDew,GRass,,40.0,30.0,35.0,50.0,70.0,55.0,4.0,FALSE
661.0,Klink,StEEL,,40.0,55.0,70.0,45.0,60.0,30.0,5.0,FALSE
749.0,hONeDgE,sTeEL,GhoST,45.0,80.0,100.0,35.0,37.0,28.0,6.0,FALSE
456.0,shiELdon,roCk,STeel,30.0,42.0,118.0,42.0,88.0,30.0,4.0,FALSE
166.0,mEW,pSYCHIC,,100.0,100.0,100.0,100.0,100.0,100.0,1.0,FALSE
544.0,,NoRMal,,110.0,160.0,110.0,80.0,110.0,100.0,4.0,TRUE
538.0,uXiE,,,75.0,75.0,130.0,75.0,130.0,95.0,4.0,TRUE
688.0,BoUfFAlant,nORmAl,,95.0,110.0,95.0,40.0,95.0,55.0,5.0,FALSE
256.0,tYROguE,FIGHting,,35.0,35.0,35.0,35.0,35.0,35.0,2.0,FALSE
676.0,BEARTIc,iCE,,95.0,110.0,80.0,70.0,80.0,50.0,5.0,FALSE
343.0,voLbEat,bug,,,73.0,55.0,47.0,75.0,85.0,3.0,FALSE
212.0,eSPEOn,PSycHic,,65.0,65.0,60.0,,95.0,110.0,2.0,FALSE
791.0,nOIBaT,flyInG,draGON,40.0,30.0,35.0,45.0,40.0,55.0,,FALSE
641.0,REUNiclUS,PSyChIc,,110.0,65.0,75.0,125.0,85.0,30.0,5.0,FALSE
471.0,gastRodON,WaTEr,grOUNd,111.0,,68.0,92.0,82.0,39.0,4.0,FALSE
,yVELtAl,dArK,FlyinG,126.0,131.0,95.0,131.0,98.0,,6.0,TRUE
625.0,COFaGrigUS,ghosT,,58.0,50.0,145.0,95.0,105.0,30.0,5.0,FALSE
24.0,MegA PIDgEOt,NOrmAl,FLYInG,83.0,80.0,80.0,135.0,80.0,121.0,1.0,FALSE
33.0,SanDsHREW,GrouNd,,50.0,75.0,85.0,20.0,30.0,40.0,1.0,FALSE
16.0,ButterFREE,BUG,FLyInG,60.0,45.0,50.0,90.0,,70.0,1.0,FALSE
750.0,doUbLAdE,STEeL,GhOst,59.0,110.0,150.0,,49.0,35.0,6.0,FALSE
305.0,kiRLIA,pSYChic,fAiRY,38.0,35.0,35.0,65.0,55.0,50.0,3.0,FALSE
174.0,CRocoNAw,waTEr,,65.0,80.0,80.0,59.0,63.0,58.0,2.0,FALSE
556.0,serviNe,GrASS,,60.0,60.0,75.0,,75.0,83.0,5.0,FALSE
6.0,cHaRMELEoN,fIrE,,58.0,64.0,58.0,80.0,65.0,80.0,1.0,FALSE
191.0,TOgEtIC,faIry,fLyiNg,,40.0,85.0,80.0,105.0,40.0,2.0,FALSE
345.0,roSeLIa,grAsS,poisoN,50.0,60.0,45.0,100.0,80.0,65.0,3.0,FALSE
8.0,MeGa cHArIzArD X,fiRe,dRaGON,78.0,130.0,111.0,130.0,85.0,100.0,1.0,FALSE
627.0,CArracOSta,,ROCK,74.0,108.0,133.0,83.0,65.0,32.0,,FALSE
614.0,kRookodiLe,ground,DArK,95.0,,80.0,65.0,70.0,92.0,5.0,FALSE
414.0,MEGA MEtagRosS,,pSyChIc,80.0,145.0,150.0,105.0,110.0,110.0,3.0,FALSE
377.0,ClayDOL,GRounD,pSYChIC,60.0,70.0,105.0,70.0,120.0,75.0,3.0,FALSE
442.0,StARLY,noRmAL,FLyINg,40.0,55.0,30.0,30.0,30.0,60.0,4.0,FALSE
94.0,Seel,WateR,,65.0,45.0,55.0,45.0,70.0,45.0,1.0,FALSE
516.0,RhYperIoR,GROUND,ROck,115.0,140.0,130.0,55.0,55.0,40.0,4.0,FALSE
200.0,AZUMarIll,watEr,FaIry,100.0,50.0,80.0,60.0,80.0,50.0,2.0,FALSE
428.0,jiraCHi,sTEeL,pSychiC,100.0,,100.0,100.0,100.0,100.0,3.0,TRUE
303.0,PEliPPER,,fLyiNG,,50.0,100.0,85.0,70.0,65.0,3.0,FALSE
487.0,bOnSLY,roCK,,50.0,80.0,95.0,10.0,45.0,10.0,4.0,FALSE
758.0,mAlAmar,,PsycHiC,86.0,,88.0,68.0,75.0,73.0,6.0,FALSE
86.0,sLoWPokE,Water,PSyCHIc,90.0,65.0,65.0,40.0,40.0,15.0,1.0,FALSE
,,pOISoN,fLYiNG,40.0,45.0,35.0,30.0,40.0,55.0,1.0,FALSE
730.0,FLeTCHLInG,nOrMAL,FlyinG,45.0,50.0,43.0,40.0,38.0,62.0,6.0,FALSE
725.0,FrOaKie,waTeR,,41.0,56.0,40.0,62.0,44.0,71.0,6.0,FALSE
778.0,kLEFKI,stEel,FaiRY,57.0,80.0,91.0,80.0,87.0,75.0,6.0,FALSE
247.0,hOundoUR,daRK,fIre,45.0,60.0,30.0,80.0,50.0,65.0,2.0,FALSE
221.0,fORreTRESs,bUg,StEel,75.0,90.0,140.0,60.0,60.0,40.0,2.0,FALSE
700.0,coBalIon,STEEL,,91.0,90.0,129.0,90.0,72.0,108.0,5.0,TRUE
485.0,BrOnzOR,Steel,PsYCHIC,57.0,24.0,86.0,24.0,86.0,23.0,4.0,FALSE
443.0,StaraVIA,nOrmAl,fLYinG,55.0,75.0,50.0,40.0,40.0,80.0,4.0,FALSE
698.0,,bug,FIRE,55.0,85.0,55.0,50.0,55.0,60.0,5.0,FALSE
412.0,MeTAnG,STeel,psYChiC,,75.0,100.0,55.0,80.0,50.0,3.0,FALSE
265.0,SUicUNE,WAteR,,100.0,75.0,115.0,90.0,115.0,85.0,2.0,TRUE
605.0,whirLiPede,BUg,poisON,40.0,55.0,99.0,40.0,79.0,47.0,5.0,FALSE
51.0,ViLEpLUMe,GRAss,poISON,75.0,80.0,85.0,110.0,90.0,50.0,1.0,FALSE
491.0,SPIRitoMb,ghoST,DArK,50.0,92.0,108.0,92.0,108.0,35.0,4.0,FALSE
157.0,ArtICuNO,ice,,90.0,85.0,100.0,95.0,125.0,85.0,1.0,TRUE
322.0,haRIYaMa,fighTINg,,144.0,120.0,60.0,40.0,60.0,50.0,3.0,FALSE
525.0,maMOSWine,iCE,GroUnd,110.0,130.0,80.0,70.0,60.0,80.0,4.0,FALSE
663.0,kliNKlaNg,steEl,,60.0,100.0,115.0,70.0,85.0,90.0,5.0,FALSE
706.0,THuNdURus tHerIan FOrME,eLeCtRiC,fLyINg,79.0,105.0,,145.0,80.0,101.0,5.0,TRUE
658.0,GaLVANTULa,bug,ELEctRIC,70.0,77.0,60.0,,60.0,108.0,5.0,FALSE
749.0,HonEdGE,STeel,GHoSt,,80.0,100.0,35.0,37.0,28.0,,FALSE
,,PSyCHIc,fAiRy,40.0,45.0,65.0,100.0,120.0,90.0,1.0,FALSE
648.0,SawsbUCK,NOrMaL,gRaSS,80.0,100.0,,60.0,70.0,95.0,5.0,FALSE
192.0,natU,,FLYInG,,50.0,45.0,70.0,45.0,70.0,,FALSE
702.0,vIRIzIoN,GRAss,FIGhTING,91.0,90.0,72.0,90.0,129.0,108.0,,TRUE
499.0,MEga luCaRIo,fighTING,STEEL,70.0,145.0,88.0,140.0,70.0,112.0,4.0,FALSE
196.0,AMPhARoS,ELECtRIC,,,75.0,85.0,115.0,90.0,55.0,2.0,FALSE
65.0,arcaNine,FIrE,,90.0,110.0,80.0,100.0,80.0,95.0,1.0,FALSE
790.0,AValugg,ice,,95.0,117.0,184.0,,46.0,28.0,6.0,FALSE
363.0,CaCnEa,grasS,,50.0,85.0,40.0,85.0,40.0,,3.0,FALSE
335.0,MEdITITe,fighTINg,,30.0,40.0,55.0,40.0,55.0,60.0,3.0,FALSE
54.0,VEnOnaT,buG,poISoN,60.0,55.0,50.0,40.0,55.0,45.0,1.0,
528.0,mEGA GAllaDe,PsyCHIC,fIghtING,68.0,165.0,,65.0,115.0,110.0,4.0,FALSE
137.0,piNsIr,bug,,65.0,125.0,100.0,55.0,70.0,85.0,1.0,FALSE
649.0,EmOlGA,ELecTRIC,fLYIng,55.0,75.0,60.0,75.0,60.0,103.0,5.0,FALSE
3.0,VEnUsauR,grasS,PoIsON,80.0,82.0,83.0,100.0,100.0,80.0,1.0,FALSE
113.0,cUbONe,gRoUnD,,50.0,50.0,95.0,40.0,,35.0,1.0,FALSE
,meTang,SteEL,PsyCHIc,,75.0,100.0,55.0,80.0,50.0,,FALSE
690.0,BRAVIARy,nORMaL,fLyiNG,100.0,123.0,75.0,57.0,75.0,80.0,5.0,FALSE
218.0,WObbUffET,PsYchic,,190.0,33.0,58.0,33.0,58.0,33.0,2.0,FALSE
294.0,lOTAd,wATeR,GRass,40.0,30.0,30.0,40.0,50.0,30.0,3.0,FALSE
96.0,GrIMER,poiSOn,,80.0,80.0,,40.0,50.0,25.0,1.0,FALSE
79.0,teNTaCool,watEr,POISON,40.0,40.0,35.0,50.0,100.0,70.0,1.0,FALSE
580.0,TRanQUiLl,Normal,FlYInG,62.0,77.0,62.0,50.0,42.0,65.0,5.0,FALSE
716.0,MeLOetTa ARia FoRme,NoRmaL,pSycHiC,100.0,77.0,77.0,,128.0,90.0,5.0,FALSE
715.0,keLdEo rEsoLutE FoRme,WaTEr,FIGHtIng,91.0,72.0,90.0,129.0,90.0,108.0,5.0,FALSE
110.0,electrode,elecTric,,60.0,50.0,70.0,80.0,80.0,140.0,1.0,FALSE
727.0,GreNINja,wAtEr,DArk,72.0,95.0,67.0,103.0,71.0,122.0,6.0,FALSE
680.0,StunFISK,GRoUnD,eleCTrIc,,66.0,84.0,81.0,99.0,32.0,5.0,FALSE
610.0,liLLiGaNT,graSs,,70.0,60.0,75.0,110.0,,90.0,5.0,FALSE
366.0,aLtARiA,dRagon,fLYIng,75.0,70.0,90.0,70.0,105.0,80.0,3.0,FALSE
729.0,dIGgErsby,NoRMal,GROUNd,85.0,56.0,,50.0,77.0,78.0,6.0,FALSE
720.0,qUIllaDin,gRASS,,61.0,78.0,95.0,56.0,58.0,57.0,6.0,
263.0,RAikOu,ELeCTRic,,90.0,85.0,75.0,115.0,100.0,115.0,2.0,TRUE
539.0,mESPRit,,,80.0,105.0,105.0,105.0,105.0,80.0,4.0,TRUE
578.0,musHarNa,pSyCHIc,,116.0,55.0,85.0,107.0,95.0,29.0,5.0,FALSE
584.0,roggENroLa,rOCk,,55.0,75.0,85.0,25.0,25.0,15.0,5.0,FALSE
655.0,jEllIcEnt,Water,GHost,100.0,60.0,70.0,85.0,105.0,60.0,5.0,FALSE
569.0,purRlOIN,dArK,,41.0,50.0,37.0,,37.0,66.0,5.0,FALSE
669.0,litwiCK,gHost,fIRE,50.0,30.0,55.0,65.0,55.0,20.0,5.0,FALSE
246.0,SkArmOry,steEL,fLYIng,65.0,80.0,140.0,40.0,70.0,70.0,2.0,FALSE
431.0,DeoxyS DeFeNse FORME,pSYcHIC,,50.0,70.0,160.0,70.0,160.0,90.0,3.0,TRUE
411.0,bELDUm,,pSYChiC,40.0,55.0,80.0,35.0,60.0,30.0,3.0,FALSE
644.0,,iCE,,36.0,50.0,50.0,65.0,60.0,44.0,5.0,FALSE
646.0,vaNIlluXE,ICE,,71.0,95.0,85.0,110.0,95.0,79.0,5.0,FALSE
152.0,kabUto,ROck,watER,30.0,80.0,90.0,55.0,45.0,55.0,1.0,FALSE
555.0,sNiVy,gRass,,45.0,45.0,55.0,45.0,55.0,,5.0,FALSE
244.0,deLiBIrD,ICE,FLyiNg,45.0,55.0,45.0,65.0,45.0,75.0,2.0,FALSE
172.0,TyPhlosIoN,FIrE,,78.0,84.0,78.0,109.0,85.0,100.0,2.0,FALSE
604.0,venipedE,Bug,PoISon,30.0,45.0,59.0,30.0,39.0,57.0,5.0,FALSE
100.0,gaSTLy,GHOSt,POisoN,30.0,35.0,30.0,100.0,35.0,80.0,1.0,FALSE
9.0,mEga ChaRiZArd Y,FIre,FLyInG,78.0,104.0,78.0,159.0,115.0,100.0,1.0,FALSE
240.0,piLoSwine,ICE,GrOuND,100.0,100.0,80.0,60.0,60.0,50.0,2.0,FALSE
776.0,sLIGGOo,DrAGon,,68.0,75.0,53.0,83.0,113.0,60.0,6.0,FALSE
435.0,TOrTeRra,grass,groUNd,95.0,109.0,105.0,75.0,85.0,56.0,4.0,FALSE
23.0,pidgEOT,nOrMal,Flying,83.0,80.0,75.0,70.0,70.0,101.0,1.0,FALSE
351.0,WaIlmeR,wAter,,130.0,70.0,35.0,70.0,35.0,60.0,3.0,
130.0,sTaRyU,,,,45.0,55.0,70.0,55.0,85.0,1.0,FALSE
317.0,sheDInjA,buG,gHOst,1.0,90.0,45.0,30.0,30.0,40.0,3.0,FALSE
296.0,ludIColo,WAter,GRASS,,,70.0,90.0,100.0,70.0,3.0,FALSE
768.0,tyrANtrUM,roCK,draGOn,,121.0,119.0,69.0,59.0,71.0,6.0,FALSE
459.0,WORMadaM PLanT cLoAk,BUG,Grass,60.0,59.0,85.0,79.0,105.0,36.0,4.0,FALSE
,EXeGGcuTE,GRaSs,PsYChIc,60.0,40.0,80.0,60.0,45.0,40.0,1.0,FALSE
310.0,ShROomish,GrAsS,,,40.0,60.0,40.0,60.0,35.0,3.0,FALSE
229.0,sCIZor,BuG,StEEl,70.0,,100.0,55.0,80.0,,2.0,FALSE
290.0,SiLcoOn,,,50.0,,55.0,25.0,,15.0,3.0,FALSE
253.0,pORYgon2,nOrmal,,85.0,80.0,90.0,105.0,95.0,60.0,2.0,FALSE
28.0,feArow,noRMaL,fLyING,65.0,90.0,65.0,61.0,61.0,100.0,1.0,FALSE
407.0,BAGOn,DrAgon,,45.0,75.0,60.0,40.0,30.0,50.0,3.0,FALSE
697.0,hyDreIgOn,dARk,DrAgON,92.0,105.0,90.0,125.0,,98.0,5.0,FALSE
531.0,FrosLAsS,ICE,GhOst,70.0,80.0,70.0,80.0,70.0,110.0,,FALSE
754.0,ArOmatiSSe,faIry,,101.0,72.0,72.0,99.0,89.0,29.0,6.0,FALSE
652.0,FoONgUS,GRAsS,PoisON,69.0,55.0,45.0,,55.0,15.0,,FALSE
601.0,SeWADdLe,BUg,GraSS,45.0,53.0,70.0,40.0,60.0,42.0,5.0,FALSE
615.0,,fIre,,70.0,90.0,45.0,15.0,45.0,50.0,5.0,FALSE
515.0,LicKilicKY,NOrmAl,,110.0,85.0,95.0,80.0,95.0,50.0,4.0,FALSE
326.0,DeLCaTTY,NoRmal,,70.0,65.0,65.0,55.0,55.0,,3.0,FALSE
701.0,teRRAKiON,ROck,FiGHtINg,91.0,129.0,90.0,72.0,,108.0,5.0,TRUE
521.0,YAnMEGa,,FLYing,86.0,76.0,86.0,116.0,56.0,95.0,4.0,FALSE
707.0,ReshIRAM,dRAgoN,firE,100.0,120.0,100.0,150.0,120.0,90.0,5.0,TRUE
618.0,maraCTUS,GRASs,,75.0,,67.0,106.0,67.0,60.0,5.0,
34.0,saNDSLASH,ground,,75.0,100.0,110.0,45.0,55.0,,1.0,FALSE
545.0,gIRATINa AltErED Forme,GhosT,DRAgON,,100.0,120.0,100.0,120.0,90.0,4.0,TRUE
255.0,SmearGLE,NormAL,,55.0,20.0,35.0,20.0,45.0,75.0,2.0,FALSE
232.0,HeRacRosS,BUG,fiGhTing,80.0,125.0,75.0,40.0,95.0,85.0,2.0,FALSE
520.0,TogekIss,fairy,fLyiNg,85.0,50.0,95.0,120.0,115.0,80.0,4.0,FALSE
184.0,,poIsOn,FLying,85.0,90.0,80.0,70.0,80.0,130.0,2.0,FALSE
234.0,SNeaseL,DARK,ICe,55.0,,55.0,35.0,75.0,115.0,2.0,
745.0,FurfRoU,nORMal,,75.0,80.0,60.0,65.0,90.0,102.0,6.0,FALSE
29.0,ekanS,poisOn,,35.0,60.0,44.0,40.0,54.0,55.0,1.0,FALSE
286.0,mIgHTYEna,DaRK,,70.0,90.0,70.0,60.0,60.0,70.0,3.0,FALSE
187.0,PiChu,,,20.0,40.0,15.0,35.0,35.0,60.0,2.0,FALSE
5.0,chArMaNDER,FIRe,,,52.0,43.0,60.0,50.0,65.0,1.0,FALSE
449.0,shInx,eleCTRiC,,45.0,65.0,34.0,40.0,34.0,45.0,4.0,FALSE
169.0,MeGanIuM,gRaSs,,80.0,82.0,100.0,83.0,100.0,80.0,2.0,FALSE
60.0,PsyDucK,WATer,,50.0,52.0,48.0,65.0,50.0,55.0,1.0,FALSE
,SeISMITOaD,wAteR,GrOuND,105.0,95.0,75.0,85.0,75.0,74.0,5.0,FALSE
257.0,HItmONtOP,fIghTInG,,,95.0,95.0,35.0,110.0,70.0,2.0,FALSE
279.0,bLAZIKeN,firE,FiGhtiNg,80.0,,70.0,110.0,70.0,80.0,3.0,FALSE
,TrApinCh,,,45.0,100.0,45.0,45.0,45.0,10.0,3.0,FALSE
446.0,BIbarEl,nORmAl,WAtER,79.0,85.0,60.0,55.0,60.0,71.0,4.0,FALSE
688.0,BOufFAlaNt,noRMAl,,95.0,110.0,95.0,40.0,95.0,55.0,5.0,FALSE
696.0,ZWEIlOus,DARK,Dragon,72.0,85.0,70.0,65.0,70.0,58.0,5.0,FALSE
633.0,zORoArK,DaRk,,60.0,105.0,60.0,120.0,60.0,105.0,5.0,FALSE
40.0,NidoKiNG,pOIsoN,GROUND,81.0,,77.0,,75.0,85.0,1.0,FALSE
549.0,MAnaphy,wAtEr,,100.0,100.0,100.0,100.0,100.0,100.0,,FALSE
475.0,BUneARy,,,55.0,66.0,44.0,44.0,56.0,85.0,4.0,FALSE
225.0,mEGa sTEelIx,,GrouND,75.0,125.0,230.0,55.0,95.0,30.0,2.0,
,LeAfEON,,,65.0,110.0,130.0,60.0,,95.0,,FALSE
353.0,,FIrE,groUND,60.0,60.0,40.0,65.0,,35.0,,FALSE
,TogePi,fAiRY,,35.0,20.0,65.0,40.0,65.0,20.0,2.0,FALSE
607.0,cotTonEe,Grass,FAiRY,40.0,27.0,60.0,37.0,50.0,66.0,5.0,FALSE
22.0,PidGEOTTO,NoRmal,FLyinG,63.0,60.0,55.0,50.0,50.0,71.0,1.0,FALSE
450.0,luxio,Electric,,60.0,85.0,49.0,60.0,49.0,60.0,4.0,FALSE
427.0,mEga RAYquAza,DraGON,FlYInG,105.0,180.0,100.0,180.0,100.0,115.0,3.0,TRUE
31.0,piKAChu,elEctRiC,,35.0,55.0,40.0,50.0,50.0,90.0,1.0,FALSE
266.0,LArVitar,rOck,GrouND,50.0,64.0,50.0,45.0,50.0,41.0,2.0,FALSE
170.0,CYNDAQuiL,fIRe,,39.0,,43.0,60.0,50.0,65.0,2.0,FALSE
647.0,DeERliNg,,grasS,60.0,60.0,50.0,40.0,50.0,75.0,5.0,FALSE
214.0,mURkrOW,dARK,fLyIng,60.0,85.0,42.0,85.0,42.0,91.0,2.0,FALSE
321.0,makUHIta,fIGHTINg,,72.0,60.0,30.0,20.0,30.0,25.0,3.0,FALSE
709.0,lanDoRUs INcARnATe fORmE,GroUnd,FlYIng,89.0,125.0,90.0,115.0,80.0,101.0,5.0,TRUE
134.0,jYnX,ICE,psYChIc,65.0,50.0,35.0,115.0,95.0,95.0,1.0,FALSE
325.0,sKitty,NORMAL,,50.0,45.0,45.0,35.0,35.0,50.0,3.0,FALSE
27.0,sPEArow,nOrmaL,flyING,40.0,60.0,30.0,31.0,31.0,70.0,1.0,FALSE
769.0,amAuRA,roCk,iCE,77.0,59.0,50.0,67.0,63.0,46.0,6.0,FALSE
75.0,mAcHaMp,figHTINg,,90.0,130.0,80.0,65.0,85.0,55.0,1.0,FALSE
275.0,SCEPtiLe,grASs,,70.0,85.0,65.0,105.0,85.0,120.0,3.0,FALSE
509.0,ManTyKE,wAtER,flYing,45.0,20.0,50.0,60.0,120.0,50.0,4.0,FALSE
653.0,amoONGUsS,grass,PoiSON,114.0,85.0,70.0,85.0,80.0,30.0,5.0,FALSE
736.0,LItLeO,fIRe,NORMAL,62.0,50.0,58.0,73.0,54.0,72.0,6.0,
148.0,flArEon,,,65.0,130.0,60.0,95.0,110.0,65.0,1.0,FALSE
464.0,vespiqueN,bug,,70.0,80.0,102.0,80.0,102.0,,4.0,FALSE
25.0,raTtaTa,NoRMAl,,30.0,56.0,35.0,25.0,35.0,72.0,1.0,
63.0,,FightinG,,65.0,105.0,60.0,60.0,70.0,95.0,1.0,FALSE
762.0,DragalGe,pOIson,DrAgON,65.0,75.0,90.0,97.0,123.0,44.0,6.0,FALSE
626.0,tirTOUga,,rOCK,54.0,78.0,103.0,53.0,45.0,22.0,5.0,FALSE
686.0,PawNiarD,DaRk,,45.0,,70.0,40.0,40.0,60.0,5.0,FALSE
120.0,rhyHorn,GrOuND,RoCk,80.0,85.0,95.0,30.0,30.0,25.0,1.0,FALSE
546.0,GIratInA oRIgin fOrMe,GHOST,DRAgon,150.0,120.0,100.0,120.0,100.0,,4.0,TRUE
501.0,hIPPoWdOn,GroUnD,,108.0,112.0,118.0,68.0,72.0,47.0,4.0,FALSE
798.0,HoOpa ConfiNeD,pSyChIc,GhOsT,80.0,110.0,60.0,150.0,130.0,70.0,6.0,TRUE